45000,1485000,2,1,1340,31.155,Foreclosure,"85 Brightwood Ave, Torrington, CT 06790",https://www.zillow.com/homedetails/85-Brightwood-Ave-Torrington-CT-06790/2081482552_zpid/
265000,8745000,3,3,1852,43.059,House for sale,"37 Schooner Ln, Meriden, CT 06451",https://www.zillow.com/homedetails/37-Schooner-Ln-Meriden-CT-06451/57929948_zpid/
279900,9236700,4,4,2652,61.659,House for sale,"18 Lighthouse Hill Rd, Windsor, CT 06095",https://www.zillow.com/homedetails/18-Lighthouse-Hill-Rd-Windsor-CT-06095/57790595_zpid/
238000,7854000,3,3,1598,37.1535,Foreclosure,"31 Fawn Ridge Dr, Hamden, CT 06514",https://www.zillow.com/homedetails/31-Fawn-Ridge-Dr-Hamden-CT-06514/57912162_zpid/
189000,6237000,3,2,1568,36.456,House for sale,"10 West Rd, Colchester, CT 06415",https://www.zillow.com/homedetails/10-West-Rd-Colchester-CT-06415/59971749_zpid/
289900,9566700,3,2,1770,41.152499999999996,House for sale,"66 Baldwin Rd, Manchester, CT 06042",https://www.zillow.com/homedetails/66-Baldwin-Rd-Manchester-CT-06042/62537343_zpid/
289900,9566700,3,2,1480,34.41,House for sale,"45 Vartellas Dr, Uncasville, CT 06382",https://www.zillow.com/homedetails/45-Vartellas-Dr-Uncasville-CT-06382/58067374_zpid/
239900,7916700,3,2,1574,36.5955,House for sale,"17 Eastford Rd, Eastford, CT 06242",https://www.zillow.com/homedetails/17-Eastford-Rd-Eastford-CT-06242/59006847_zpid/
175000,5775000,5,2,1600,37.2,House for sale,"32 Suffolk Dr, East Hartford, CT 06118",https://www.zillow.com/homedetails/32-Suffolk-Dr-East-Hartford-CT-06118/59291589_zpid/
279000,9207000,5,4,2728,63.426,House for sale,"(undisclosed Address), New Britain, CT 06052",https://www.zillow.com/homedetails/New-Britain-CT-06052/174047677_zpid/
275000,9075000,3,2,1016,23.622,House for sale,"12 Marvis St, Newington, CT 06111",https://www.zillow.com/homedetails/12-Marvis-St-Newington-CT-06111/174099523_zpid/
269000,8877000,3,2,2150,49.9875,House for sale,"59 Paramount Ave, Hamden, CT 06517",https://www.zillow.com/homedetails/59-Paramount-Ave-Hamden-CT-06517/57913459_zpid/
299000,9867000,1,2,1286,29.8995,House for sale,"9 E Hill Rd, Oxford, CT 06478",https://www.zillow.com/homedetails/9-E-Hill-Rd-Oxford-CT-06478/174359044_zpid/
375000,12375000,3,2,1280,29.759999999999998,House for sale,"81 Garnet Rd, Roxbury, CT 06783",https://www.zillow.com/homedetails/81-Garnet-Rd-Roxbury-CT-06783/57817866_zpid/
225000,7425000,3,2,1174,27.2955,House for sale,"31 Tunxis Ln, Willimantic, CT 06226",https://www.zillow.com/homedetails/31-Tunxis-Ln-Willimantic-CT-06226/59296838_zpid/
319900,10556700,4,3,1550,36.0375,House for sale,"843 Middle St, Middletown, CT 06457",https://www.zillow.com/homedetails/843-Middle-St-Middletown-CT-06457/57866711_zpid/
519900,17156700,3,4,2236,51.987,House for sale,"6016 Main St, Trumbull, CT 06611",https://www.zillow.com/homedetails/6016-Main-St-Trumbull-CT-06611/57402548_zpid/
314900,10391700,3,3,1945,45.22125,House for sale,"36 Fawnbrook Ln, Simsbury, CT 06070",https://www.zillow.com/homedetails/36-Fawnbrook-Ln-Simsbury-CT-06070/174079587_zpid/
559990,18479670,3,3,2424,56.358,House for sale,"59 Dagmar Rd, Stamford, CT 06905",https://www.zillow.com/homedetails/59-Dagmar-Rd-Stamford-CT-06905/177187674_zpid/
486000,16038000,3,3,2432,56.544,House for sale,"5 Broadview Rd, Brookfield, CT 06804",https://www.zillow.com/homedetails/5-Broadview-Rd-Brookfield-CT-06804/57263802_zpid/
230000,7590000,3,2,1008,23.436,House for sale,"140 Waterhole Rd, Colchester, CT 06415",https://www.zillow.com/homedetails/140-Waterhole-Rd-Colchester-CT-06415/58044361_zpid/
619900,20456700,3,3,3711,86.28075,House for sale,"13 Secret Hollow Rd #13, Monroe, CT 06468",https://www.zillow.com/homedetails/13-Secret-Hollow-Rd-13-Monroe-CT-06468/2065522154_zpid/
309900,10226700,3,3,2344,54.498,House for sale,"265 Country Ln, Bristol, CT 06010",https://www.zillow.com/homedetails/265-Country-Ln-Bristol-CT-06010/174109065_zpid/
465000,15345000,3,3,3294,76.5855,House for sale,"1484 Georges Hill Rd, Southbury, CT 06488",https://www.zillow.com/homedetails/1484-Georges-Hill-Rd-Southbury-CT-06488/57992337_zpid/
150000,4950000,1,1,1391,32.34075,House for sale,"208 Battle St, Somers, CT 06071",https://www.zillow.com/homedetails/208-Battle-St-Somers-CT-06071/207193486_zpid/
229000,7557000,4,3,1938,45.0585,House for sale,"1586 Main St, Stratford, CT 06615",https://www.zillow.com/homedetails/1586-Main-St-Stratford-CT-06615/57393064_zpid/
239000,7887000,3,2,990,23.0175,House for sale,"58 Wilson Ave, Meriden, CT 06450",https://www.zillow.com/homedetails/58-Wilson-Ave-Meriden-CT-06450/57928545_zpid/
379900,12536700,3,4,3209,74.60925,House for sale,"164 Pinney St, Ellington, CT 06029",https://www.zillow.com/homedetails/164-Pinney-St-Ellington-CT-06029/58096020_zpid/
699000,23067000,4,2,3291,76.51575,House for sale,"50 Sherwood Dr, Easton, CT 06612",https://www.zillow.com/homedetails/50-Sherwood-Dr-Easton-CT-06612/177129995_zpid/
399900,13196700,3,4,2246,52.2195,House for sale,"110 Quaker Ln S, West Hartford, CT 06119",https://www.zillow.com/homedetails/110-Quaker-Ln-S-West-Hartford-CT-06119/174181996_zpid/
169900,5606700,2,1,1282,29.8065,House for sale,"66 Washington Ave, East Hartford, CT 06118",https://www.zillow.com/homedetails/66-Washington-Ave-East-Hartford-CT-06118/59289693_zpid/
324900,10721700,4,3,2620,60.915,House for sale,"1 Burr Rd, Bloomfield, CT 06002",https://www.zillow.com/homedetails/1-Burr-Rd-Bloomfield-CT-06002/59049205_zpid/
275000,9075000,2,2,1400,32.55,House for sale,"10 Grieb Trl, Wallingford, CT 06492",https://www.zillow.com/homedetails/10-Grieb-Trl-Wallingford-CT-06492/58948231_zpid/
447000,14751000,3,3,1943,45.17475,House for sale,"21 Jones Hollow Rd, Marlborough, CT 06447",https://www.zillow.com/homedetails/21-Jones-Hollow-Rd-Marlborough-CT-06447/94653943_zpid/
225000,7425000,3,3,1348,31.341,Foreclosure,"23 Downing Cir, Bloomfield, CT 06002",https://www.zillow.com/homedetails/23-Downing-Cir-Bloomfield-CT-06002/59049947_zpid/
319900,10556700,3,2,1788,41.571,House for sale,"386 Soundview Ave, Stratford, CT 06615",https://www.zillow.com/homedetails/386-Soundview-Ave-Stratford-CT-06615/57397318_zpid/
579000,19107000,3,2,1862,43.2915,House for sale,"22 Willow St, Norwalk, CT 06851",https://www.zillow.com/homedetails/22-Willow-St-Norwalk-CT-06851/58797787_zpid/
379900,12536700,3,2,1704,39.618,House for sale,"162 Taylor Rd, New Milford, CT 06776",https://www.zillow.com/homedetails/162-Taylor-Rd-New-Milford-CT-06776/58862429_zpid/
359900,11876700,3,2,1856,43.152,House for sale,"218 Warsaw St, Deep River, CT 06417",https://www.zillow.com/homedetails/218-Warsaw-St-Deep-River-CT-06417/58844686_zpid/
420000,13860000,3,2,1350,31.3875,House for sale,"9 Pearl St, Milford, CT 06460",https://www.zillow.com/homedetails/9-Pearl-St-Milford-CT-06460/57942450_zpid/
259900,8576700,4,2,1592,37.014,House for sale,"359 Gravel St, Meriden, CT 06450",https://www.zillow.com/homedetails/359-Gravel-St-Meriden-CT-06450/58916503_zpid/
795000,26235000,4,3,3002,69.7965,House for sale,"169 Shelter Rock Rd, Stamford, CT 06903",https://www.zillow.com/homedetails/169-Shelter-Rock-Rd-Stamford-CT-06903/177199315_zpid/
339900,11216700,4,1,1794,41.7105,House for sale,"440 Keeney St, Manchester, CT 06040",https://www.zillow.com/homedetails/440-Keeney-St-Manchester-CT-06040/62540280_zpid/
449900,14846700,4,4,3300,76.725,House for sale,"15 Michelle Ln, Windsor, CT 06095",https://www.zillow.com/homedetails/15-Michelle-Ln-Windsor-CT-06095/59966160_zpid/
314900,10391700,3,2,1913,44.47725,House for sale,"9 Briarwood Rd, West Hartford, CT 06107",https://www.zillow.com/homedetails/9-Briarwood-Rd-West-Hartford-CT-06107/58154621_zpid/
249900,8246700,2,2,1122,26.0865,House for sale,"173 Warren Ave, Vernon, CT 06066",https://www.zillow.com/homedetails/173-Warren-Ave-Vernon-CT-06066/60108886_zpid/
229500,7573500,2,1,1720,39.99,House for sale,"275 Beaver Meadow Rd, Haddam, CT 06438",https://www.zillow.com/homedetails/275-Beaver-Meadow-Rd-Haddam-CT-06438/200397791_zpid/
484900,16001700,6,4,3478,80.8635,House for sale,"34 Brown Brook Rd, Southbury, CT 06488",https://www.zillow.com/homedetails/34-Brown-Brook-Rd-Southbury-CT-06488/57993608_zpid/
299000,9867000,4,2,1940,45.105,House for sale,"163 Willetts Ave, New London, CT 06320",https://www.zillow.com/homedetails/163-Willetts-Ave-New-London-CT-06320/58974196_zpid/
239900,7916700,3,2,2130,49.5225,House for sale,"6 Westbrook Rd, Deep River, CT 06417",https://www.zillow.com/homedetails/6-Westbrook-Rd-Deep-River-CT-06417/57848830_zpid/
850000,28050000,5,4,2897,67.35525,House for sale,"41 Wright St, Westport, CT 06880",https://www.zillow.com/homedetails/41-Wright-St-Westport-CT-06880/177226985_zpid/
369900,12206700,3,3,2136,49.662,House for sale,"15 Hilltop Rd, Watertown, CT 06779",https://www.zillow.com/homedetails/15-Hilltop-Rd-Watertown-CT-06779/58872143_zpid/
229900,7586700,3,2,1896,44.082,Foreclosure,"180 Watchaug Rd, Somers, CT 06071",https://www.zillow.com/homedetails/180-Watchaug-Rd-Somers-CT-06071/207193928_zpid/
489000,16137000,4,3,2506,58.2645,New construction,"187 Bascom Rd, Lebanon, CT 06249",https://www.zillow.com/homedetails/187-Bascom-Rd-Lebanon-CT-06249/97874794_zpid/
574900,18971700,4,3,2450,56.9625,House for sale,"110 Old Boston Post Rd, Old Saybrook, CT 06475",https://www.zillow.com/homedetails/110-Old-Boston-Post-Rd-Old-Saybrook-CT-06475/57873529_zpid/
251100,8286300,3,2,1242,28.8765,House for sale,"35 Ashford Rd, Ashford, CT 06278",https://www.zillow.com/homedetails/35-Ashford-Rd-Ashford-CT-06278/58109779_zpid/
1695000,55935000,6,5,5323,123.75975,House for sale,"1076 Hulls Hwy, Southport, CT 06890",https://www.zillow.com/homedetails/1076-Hulls-Hwy-Southport-CT-06890/57303422_zpid/
319900,10556700,4,2,2208,51.336,House for sale,"22 Box Mountain Rd, Bolton, CT 06043",https://www.zillow.com/homedetails/22-Box-Mountain-Rd-Bolton-CT-06043/58094769_zpid/
250000,8250000,3,2,1557,36.20025,House for sale,"33 Curry Rd, Hamden, CT 06517",https://www.zillow.com/homedetails/33-Curry-Rd-Hamden-CT-06517/57914066_zpid/
339900,11216700,4,3,3027,70.37775,House for sale,"18 Punkin Dr, Ellington, CT 06029",https://www.zillow.com/homedetails/18-Punkin-Dr-Ellington-CT-06029/207206312_zpid/
360000,11880000,2,2,720,16.74,House for sale,"18 Indian Hill Rd, Wilton, CT 06897",https://www.zillow.com/homedetails/18-Indian-Hill-Rd-Wilton-CT-06897/57419091_zpid/
269900,8906700,3,2,1615,37.54875,House for sale,"17 Dewey Ave, Terryville, CT 06786",https://www.zillow.com/homedetails/17-Dewey-Ave-Terryville-CT-06786/57814618_zpid/
325000,10725000,4,2,1827,42.47775,House for sale,"158 Gay St, Sharon, CT 06069",https://www.zillow.com/homedetails/158-Gay-St-Sharon-CT-06069/2067641482_zpid/
445000,14685000,3,4,3196,74.307,House for sale,"16 Old Stone Rd, Gaylordsville, CT 06755",https://www.zillow.com/homedetails/16-Old-Stone-Rd-Gaylordsville-CT-06755/197787483_zpid/
295000,9735000,4,2,1536,35.712,House for sale,"150 Rosewood Pl, Bridgeport, CT 06610",https://www.zillow.com/homedetails/150-Rosewood-Pl-Bridgeport-CT-06610/57259488_zpid/
200000,6600000,4,2,2037,47.36025,House for sale,"1367/83 Torringford St, Torrington, CT 06790",https://www.zillow.com/homedetails/1367-83-Torringford-St-Torrington-CT-06790/2065620605_zpid/
359000,11847000,4,2,1516,35.247,House for sale,"18 Wyndwood Rd, Farmington, CT 06032",https://www.zillow.com/homedetails/18-Wyndwood-Rd-Farmington-CT-06032/58136112_zpid/
719000,23727000,4,3,2210,51.3825,House for sale,"347 Woodland Ln, Orange, CT 06477",https://www.zillow.com/homedetails/347-Woodland-Ln-Orange-CT-06477/57978941_zpid/
280000,9240000,3,2,2156,50.127,House for sale,"44 Belden Rd, Hamden, CT 06514",https://www.zillow.com/homedetails/44-Belden-Rd-Hamden-CT-06514/57914574_zpid/
569000,18777000,3,2,1617,37.59525,House for sale,"63 Belltown Rd, Stamford, CT 06905",https://www.zillow.com/homedetails/63-Belltown-Rd-Stamford-CT-06905/177189071_zpid/
120000,3960000,3,2,1196,27.807,House for sale,"168 Jerry Rd, East Hartford, CT 06118",https://www.zillow.com/homedetails/168-Jerry-Rd-East-Hartford-CT-06118/59292345_zpid/
219000,7227000,3,1,1165,27.08625,House for sale,"36 Spring St, Derby, CT 06418",https://www.zillow.com/homedetails/36-Spring-St-Derby-CT-06418/57899977_zpid/
329000,10857000,3,2,1579,36.71175,House for sale,"12 Dogwood Dr, Seymour, CT 06483",https://www.zillow.com/homedetails/12-Dogwood-Dr-Seymour-CT-06483/174433575_zpid/
289999,9569967,3,2,1747,40.61775,House for sale,"8 6th St, Danbury, CT 06810",https://www.zillow.com/homedetails/8-6th-St-Danbury-CT-06810/57277411_zpid/
289000,9537000,3,2,1656,38.502,Coming soon,"2304 Ellington Rd, South Windsor, CT 06074",https://www.zillow.com/homedetails/2304-Ellington-Rd-South-Windsor-CT-06074/57773487_zpid/
699900,23096700,6,5,5060,117.645,House for sale,"236 Girard Ave, Hartford, CT 06105",https://www.zillow.com/homedetails/236-Girard-Ave-Hartford-CT-06105/82409778_zpid/
759000,25047000,2,2,1419,32.99175,House for sale,"39 Lanark Rd, Stamford, CT 06902",https://www.zillow.com/homedetails/39-Lanark-Rd-Stamford-CT-06902/177194450_zpid/
2450000,80850000,6,9,8639,200.85675,House for sale,"24 Riding Club Rd, Wilton, CT 06897",https://www.zillow.com/homedetails/24-Riding-Club-Rd-Wilton-CT-06897/68545864_zpid/
799000,26367000,3,3,3256,75.702,House for sale,"90 Sherwood Rd, Ridgefield, CT 06877",https://www.zillow.com/homedetails/90-Sherwood-Rd-Ridgefield-CT-06877/57342733_zpid/
899000,29667000,5,4,4000,93.0,House for sale,"240 Ramstein Rd, New Hartford, CT 06057",https://www.zillow.com/homedetails/240-Ramstein-Rd-New-Hartford-CT-06057/58860044_zpid/
505900,16694700,4,3,2600,60.45,House for sale,"10 S Pond Cir, Cheshire, CT 06410",https://www.zillow.com/homedetails/10-S-Pond-Cir-Cheshire-CT-06410/57898376_zpid/
399000,13167000,3,3,1624,37.758,House for sale,"12 Edward Ln, Beacon Falls, CT 06403",https://www.zillow.com/homedetails/12-Edward-Ln-Beacon-Falls-CT-06403/57884390_zpid/
565000,18645000,3,3,2734,63.5655,House for sale,"8 Queens Ct, Danbury, CT 06811",https://www.zillow.com/homedetails/8-Queens-Ct-Danbury-CT-06811/57267372_zpid/
2795000,92235000,5,5,4470,103.9275,House for sale,"238 Marshall Ridge Rd, New Canaan, CT 06840",https://www.zillow.com/homedetails/238-Marshall-Ridge-Rd-New-Canaan-CT-06840/58790471_zpid/
349900,11546700,3,3,2042,47.4765,House for sale,"130 Edwards Rd, Cheshire, CT 06410",https://www.zillow.com/homedetails/130-Edwards-Rd-Cheshire-CT-06410/57897089_zpid/
399900,13196700,3,3,2161,50.243249999999996,Coming soon,"120 High Meadow Ln, Coventry, CT 06238",https://www.zillow.com/homedetails/120-High-Meadow-Ln-Coventry-CT-06238/58989014_zpid/
439900,14516700,3,3,1944,45.198,House for sale,"89 Bona Rd, Middlebury, CT 06762",https://www.zillow.com/homedetails/89-Bona-Rd-Middlebury-CT-06762/58918322_zpid/
239900,7916700,3,2,2148,49.941,House for sale,"96 Bluebird Dr, Naugatuck, CT 06770",https://www.zillow.com/homedetails/96-Bluebird-Dr-Naugatuck-CT-06770/58923837_zpid/
399900,13196700,5,2,1732,40.269,House for sale,"2525 Huntington Rd, Trumbull, CT 06611",https://www.zillow.com/homedetails/2525-Huntington-Rd-Trumbull-CT-06611/57408073_zpid/
284900,9401700,3,2,1670,38.8275,House for sale,"15 Heron Rd, East Hartford, CT 06118",https://www.zillow.com/homedetails/15-Heron-Rd-East-Hartford-CT-06118/59279869_zpid/
299900,9896700,0,0,2560,59.519999999999996,Multi-family home for sale,"99 Queen St, Bristol, CT 06010",https://www.zillow.com/homedetails/99-Queen-St-Bristol-CT-06010/57695313_zpid/
265000,8745000,4,1,1485,34.52625,House for sale,"43 Brookdale St, Wolcott, CT 06716",https://www.zillow.com/homedetails/43-Brookdale-St-Wolcott-CT-06716/174445362_zpid/
429900,14186700,3,2,1966,45.7095,Coming soon,"1066 Racebrook Rd, Woodbridge, CT 06525",https://www.zillow.com/homedetails/1066-Racebrook-Rd-Woodbridge-CT-06525/58041362_zpid/
229900,7586700,3,2,1180,27.435,House for sale,"23 Tracy Dr, Manchester, CT 06042",https://www.zillow.com/homedetails/23-Tracy-Dr-Manchester-CT-06042/62543241_zpid/
349995,11549835,6,4,2464,57.288,Multi-family home for sale,"319 Blatchley Ave, New Haven, CT 06513",https://www.zillow.com/homedetails/319-Blatchley-Ave-New-Haven-CT-06513/82238982_zpid/
319900,10556700,3,2,1459,33.92175,Coming soon,"537 River Rd, Lisbon, CT 06351",https://www.zillow.com/homedetails/537-River-Rd-Lisbon-CT-06351/58969586_zpid/
400000,13200000,4,3,2468,57.381,House for sale,"15 Banks Rd, Simsbury, CT 06070",https://www.zillow.com/homedetails/15-Banks-Rd-Simsbury-CT-06070/174070925_zpid/
175000,5775000,3,2,2005,46.61625,House for sale,"54 Hinsdale Ave, Winsted, CT 06098",https://www.zillow.com/homedetails/54-Hinsdale-Ave-Winsted-CT-06098/57835501_zpid/
450000,14850000,3,2,2538,59.0085,House for sale,"46 Nicholdale Rd, Shelton, CT 06484",https://www.zillow.com/homedetails/46-Nicholdale-Rd-Shelton-CT-06484/57351139_zpid/
74900,2471700,2,1,932,21.669,Foreclosure,"387 Oak St, Waterbury, CT 06705",https://www.zillow.com/homedetails/387-Oak-St-Waterbury-CT-06705/58016875_zpid/
890000,29370000,4,3,3040,70.67999999999999,House for sale,"87 Cedar Ln, Ridgefield, CT 06877",https://www.zillow.com/homedetails/87-Cedar-Ln-Ridgefield-CT-06877/57343468_zpid/
499900,16496700,4,4,3560,82.77,House for sale,"30 Pleasant View Rd, New Milford, CT 06776",https://www.zillow.com/homedetails/30-Pleasant-View-Rd-New-Milford-CT-06776/57809665_zpid/
349000,11517000,3,2,1440,33.48,House for sale,"47 Daytona Ave, Milford, CT 06461",https://www.zillow.com/homedetails/47-Daytona-Ave-Milford-CT-06461/57942548_zpid/
454900,15011700,4,3,2449,56.93925,House for sale,"72 Bart Rd, Monroe, CT 06468",https://www.zillow.com/homedetails/72-Bart-Rd-Monroe-CT-06468/57320843_zpid/
264900,8741700,3,2,1821,42.33825,House for sale,"141 Gorham Ave, Hamden, CT 06514",https://www.zillow.com/homedetails/141-Gorham-Ave-Hamden-CT-06514/57913152_zpid/
749000,24717000,3,2,2297,53.40525,House for sale,"84 Rockledge Dr, Stamford, CT 06902",https://www.zillow.com/homedetails/84-Rockledge-Dr-Stamford-CT-06902/177197367_zpid/
439000,14487000,3,3,2564,59.613,House for sale,"347 Wallingford Rd, Durham, CT 06422",https://www.zillow.com/homedetails/347-Wallingford-Rd-Durham-CT-06422/2065629403_zpid/
349000,11517000,4,2,2208,51.336,House for sale,"59 Linda Dr, Bridgeport, CT 06606",https://www.zillow.com/homedetails/59-Linda-Dr-Bridgeport-CT-06606/57257019_zpid/
399700,13190100,4,2,2091,48.61575,House for sale,"388 N Main St, Suffield, CT 06078",https://www.zillow.com/homedetails/388-N-Main-St-Suffield-CT-06078/59028074_zpid/
685000,22605000,4,3,3465,80.56125,House for sale,"99 Lexington Way N, Milford, CT 06461",https://www.zillow.com/homedetails/99-Lexington-Way-N-Milford-CT-06461/57951590_zpid/
325000,10725000,4,2,2016,46.872,House for sale,"3 Maloney Ln, New Milford, CT 06776",https://www.zillow.com/homedetails/3-Maloney-Ln-New-Milford-CT-06776/57810155_zpid/
349900,11546700,3,1,1050,24.4125,House for sale,"75 Lambert Dr, Stratford, CT 06614",https://www.zillow.com/homedetails/75-Lambert-Dr-Stratford-CT-06614/58833109_zpid/
300000,9900000,2,2,1736,40.362,Coming soon,"455 Colonel Ledyard Hwy, Ledyard, CT 06339",https://www.zillow.com/homedetails/455-Colonel-Ledyard-Hwy-Ledyard-CT-06339/58064128_zpid/
449900,14846700,4,2,1875,43.59375,House for sale,"338 Good Hill Rd, Woodbury, CT 06798",https://www.zillow.com/homedetails/338-Good-Hill-Rd-Woodbury-CT-06798/57838016_zpid/
379000,12507000,2,2,1032,23.994,Coming soon,"11 Fort Path Rd, Madison, CT 06443",https://www.zillow.com/homedetails/11-Fort-Path-Rd-Madison-CT-06443/58909520_zpid/
519900,17156700,4,3,2491,57.91575,House for sale,"124 Wren Dr, Suffield, CT 06078",https://www.zillow.com/homedetails/124-Wren-Dr-Suffield-CT-06078/59024644_zpid/
410000,13530000,4,3,2155,50.10375,House for sale,"239 Ballard Dr, West Hartford, CT 06119",https://www.zillow.com/homedetails/239-Ballard-Dr-West-Hartford-CT-06119/57774978_zpid/
689900,22766700,3,3,2468,57.381,House for sale,"58 Split Level Rd, Ridgefield, CT 06877",https://www.zillow.com/homedetails/58-Split-Level-Rd-Ridgefield-CT-06877/58822562_zpid/
699900,23096700,3,3,2139,49.73175,Townhouse for sale,"30 Beach Shore Dr #30, Milford, CT 06460",https://www.zillow.com/homedetails/30-Beach-Shore-Dr-30-Milford-CT-06460/2065530872_zpid/
259000,8547000,3,2,1270,29.5275,Coming soon,"101 Court St, West Haven, CT 06516",https://www.zillow.com/homedetails/101-Court-St-West-Haven-CT-06516/58030715_zpid/
379000,12507000,4,3,3198,74.3535,New construction,"100 Cooktown Rd, Preston, CT 06365",https://www.zillow.com/homedetails/100-Cooktown-Rd-Preston-CT-06365/249882208_zpid/
1395000,46035000,5,4,6308,146.661,House for sale,"116 Mile Common Rd, Easton, CT 06612",https://www.zillow.com/homedetails/116-Mile-Common-Rd-Easton-CT-06612/177131106_zpid/
359900,11876700,7,3,3958,92.0235,Multi-family home for sale,"18 Summit St, East Hampton, CT 06424",https://www.zillow.com/homedetails/18-Summit-St-East-Hampton-CT-06424/200411382_zpid/
825000,27225000,3,2,2424,56.358,House for sale,"367 Wilton Rd W, Ridgefield, CT 06877",https://www.zillow.com/homedetails/367-Wilton-Rd-W-Ridgefield-CT-06877/58822546_zpid/
295000,9735000,3,2,1316,30.597,Coming soon,"677 Old Town Rd, Bridgeport, CT 06606",https://www.zillow.com/homedetails/677-Old-Town-Rd-Bridgeport-CT-06606/57258646_zpid/
224000,7392000,2,1,1248,29.016,House for sale,"59 Robincrest Dr, Waterbury, CT 06708",https://www.zillow.com/homedetails/59-Robincrest-Dr-Waterbury-CT-06708/58953349_zpid/
210000,6930000,4,1,2114,49.1505,House for sale,"222 Thorpe Ave, Meriden, CT 06450",https://www.zillow.com/homedetails/222-Thorpe-Ave-Meriden-CT-06450/58914785_zpid/
650000,21450000,4,4,3138,72.9585,House for sale,"44 Cooley Rd, North Granby, CT 06060",https://www.zillow.com/homedetails/44-Cooley-Rd-North-Granby-CT-06060/58139075_zpid/
249900,8246700,2,1,1489,34.61925,House for sale,"818 Middlebury Rd, Middlebury, CT 06762",https://www.zillow.com/homedetails/818-Middlebury-Rd-Middlebury-CT-06762/57938270_zpid/
674900,22271700,4,4,3546,82.4445,House for sale,"251 Ball Pond Rd, New Fairfield, CT 06812",https://www.zillow.com/homedetails/251-Ball-Pond-Rd-New-Fairfield-CT-06812/57329098_zpid/
279900,9236700,3,2,1524,35.433,Coming soon,"65 River St, Plainfield, CT 06374",https://www.zillow.com/homedetails/65-River-St-Plainfield-CT-06374/58117433_zpid/
389000,12837000,3,2,1494,34.7355,House for sale,"270 Berkshire Rd, Sandy Hook, CT 06482",https://www.zillow.com/homedetails/270-Berkshire-Rd-Sandy-Hook-CT-06482/57338287_zpid/
499900,16496700,2,3,1228,28.551,House for sale,"1 Bishop Rd, Branford, CT 06405",https://www.zillow.com/homedetails/1-Bishop-Rd-Branford-CT-06405/57893323_zpid/
235000,7755000,3,2,1571,36.52575,Foreclosure,"156 Wopowog Rd, East Hampton, CT 06424",https://www.zillow.com/homedetails/156-Wopowog-Rd-East-Hampton-CT-06424/200420485_zpid/
585000,19305000,3,3,2475,57.54375,House for sale,"32 Sunset Ter, West Hartford, CT 06107",https://www.zillow.com/homedetails/32-Sunset-Ter-West-Hartford-CT-06107/57784050_zpid/
925000,30525000,3,2,1321,30.71325,House for sale,"54 Center Dr, Old Greenwich, CT 06870",https://www.zillow.com/homedetails/54-Center-Dr-Old-Greenwich-CT-06870/57316951_zpid/
599900,19796700,4,3,2214,51.4755,House for sale,"29 Carriage House Dr, Danbury, CT 06810",https://www.zillow.com/homedetails/29-Carriage-House-Dr-Danbury-CT-06810/57268018_zpid/
1199000,39567000,4,4,4108,95.511,House for sale,"18 Ox Yoke Ln, Norwalk, CT 06851",https://www.zillow.com/homedetails/18-Ox-Yoke-Ln-Norwalk-CT-06851/240506487_zpid/
360000,11880000,3,2,2323,54.00975,House for sale,"111 Buckingham Rd, New Milford, CT 06776",https://www.zillow.com/homedetails/111-Buckingham-Rd-New-Milford-CT-06776/57807438_zpid/
175000,5775000,4,2,1600,37.2,Multi-family home for sale,"26 Camptown St, Derby, CT 06418",https://www.zillow.com/homedetails/26-Camptown-St-Derby-CT-06418/174495226_zpid/
749900,24746700,4,5,3418,79.4685,Coming soon,"1 Pond Brook Ct, Brookfield, CT 06804",https://www.zillow.com/homedetails/1-Pond-Brook-Ct-Brookfield-CT-06804/82409365_zpid/
1495000,49335000,5,5,7000,162.75,House for sale,"428 Dublin Rd, Southbury, CT 06488",https://www.zillow.com/homedetails/428-Dublin-Rd-Southbury-CT-06488/57991935_zpid/
249000,8217000,3,1,1008,23.436,House for sale,"34 Country Club Rd, Groton, CT 06340",https://www.zillow.com/homedetails/34-Country-Club-Rd-Groton-CT-06340/58962560_zpid/
239999,7919967,3,2,1615,37.54875,House for sale,"125 Giddings Ave, Windsor, CT 06095",https://www.zillow.com/homedetails/125-Giddings-Ave-Windsor-CT-06095/57792166_zpid/
849900,28046700,6,6,5172,120.249,House for sale,"246 Upper State St, North Haven, CT 06473",https://www.zillow.com/homedetails/246-Upper-State-St-North-Haven-CT-06473/174443851_zpid/
329900,10886700,8,4,2366,55.0095,Multi-family home for sale,"24 Grant St, Meriden, CT 06450",https://www.zillow.com/homedetails/24-Grant-St-Meriden-CT-06450/57934169_zpid/
219900,7256700,2,2,1194,27.7605,House for sale,"3293 Main St, Rocky Hill, CT 06067",https://www.zillow.com/homedetails/3293-Main-St-Rocky-Hill-CT-06067/174163831_zpid/
999000,32967000,5,3,3404,79.143,Coming soon,"205 Lake Ave, Trumbull, CT 06611",https://www.zillow.com/homedetails/205-Lake-Ave-Trumbull-CT-06611/58835591_zpid/
225000,7425000,2,1,862,20.0415,Coming soon,"66 Scout Rd, Southbury, CT 06488",https://www.zillow.com/homedetails/66-Scout-Rd-Southbury-CT-06488/57991274_zpid/
210000,6930000,6,2,2673,62.14725,Multi-family home for sale,"33 3rd St, Plainfield, CT 06374",https://www.zillow.com/homedetails/33-3rd-St-Plainfield-CT-06374/2065536486_zpid/
925000,30525000,5,4,5524,128.433,Coming soon,"7 Hunters Rdg, Rocky Hill, CT 06067",https://www.zillow.com/homedetails/7-Hunters-Rdg-Rocky-Hill-CT-06067/59035746_zpid/
209900,6926700,2,2,1186,27.5745,Townhouse for sale,"14 Cedar Knolls Dr UNIT 14, Branford, CT 06405",https://www.zillow.com/homedetails/14-Cedar-Knolls-Dr-UNIT-14-Branford-CT-06405/2065527823_zpid/
599999,19799967,6,3,3762,87.4665,House for sale,"(undisclosed Address), Stamford, CT 06906",https://www.zillow.com/homedetails/Stamford-CT-06906/177196933_zpid/
220000,7260000,3,1,1488,34.596,House for sale,"17 Brooklane Rd, Plantsville, CT 06479",https://www.zillow.com/homedetails/17-Brooklane-Rd-Plantsville-CT-06479/60001319_zpid/
275000,9075000,5,2,1267,29.45775,House for sale,"25 Claremont St, Bristol, CT 06010",https://www.zillow.com/homedetails/25-Claremont-St-Bristol-CT-06010/59059050_zpid/
489000,16137000,3,2,1736,40.362,House for sale,"35 Wood Ave, Trumbull, CT 06611",https://www.zillow.com/homedetails/35-Wood-Ave-Trumbull-CT-06611/58836167_zpid/
375000,12375000,3,1,2176,50.592,House for sale,"57 Lorma Ave, Trumbull, CT 06611",https://www.zillow.com/homedetails/57-Lorma-Ave-Trumbull-CT-06611/58836271_zpid/
285000,9405000,3,2,1224,28.458,House for sale,"358 Swain Ave, Meriden, CT 06450",https://www.zillow.com/homedetails/358-Swain-Ave-Meriden-CT-06450/69315324_zpid/
439900,14516700,3,2,1482,34.4565,House for sale,"19 Elk Ter, Stratford, CT 06614",https://www.zillow.com/homedetails/19-Elk-Ter-Stratford-CT-06614/57389135_zpid/
995000,32835000,4,4,4333,100.74225,House for sale,"21 Darrows Rdg, East Lyme, CT 06333",https://www.zillow.com/homedetails/21-Darrows-Rdg-East-Lyme-CT-06333/89170189_zpid/
499900,16496700,3,3,2679,62.28675,House for sale,"20 Majus Cir, Ellington, CT 06029",https://www.zillow.com/homedetails/20-Majus-Cir-Ellington-CT-06029/58993379_zpid/
220000,7260000,4,2,1382,32.1315,House for sale,"21 Stanwood Cir, New Britain, CT 06053",https://www.zillow.com/homedetails/21-Stanwood-Cir-New-Britain-CT-06053/174049019_zpid/
219500,7243500,3,2,883,20.52975,House for sale,"193 Middle Rd, Preston, CT 06365",https://www.zillow.com/homedetails/193-Middle-Rd-Preston-CT-06365/58980845_zpid/
699000,23067000,3,2,1000,23.25,House for sale,"26 Cherry St, Darien, CT 06820",https://www.zillow.com/homedetails/26-Cherry-St-Darien-CT-06820/58779935_zpid/
430000,14190000,7,3,3684,85.653,Multi-family home for sale,"461 Edgewood Ave, New Haven, CT 06511",https://www.zillow.com/homedetails/461-Edgewood-Ave-New-Haven-CT-06511/57970589_zpid/
449000,14817000,3,3,1956,45.477,House for sale,"4 E Meadow Dr, Danbury, CT 06811",https://www.zillow.com/homedetails/4-E-Meadow-Dr-Danbury-CT-06811/57268355_zpid/
119900,3956700,4,2,1832,42.594,House for sale,"31 2nd Ave, Waterbury, CT 06710",https://www.zillow.com/homedetails/31-2nd-Ave-Waterbury-CT-06710/58013176_zpid/
399000,13167000,5,3,3058,71.0985,House for sale,"278 Ashley Falls Rd, Canaan, CT 06018",https://www.zillow.com/homedetails/278-Ashley-Falls-Rd-Canaan-CT-06018/57814034_zpid/
274900,9071700,2,2,1153,26.80725,Coming soon,"33 Hartt Ln, Newington, CT 06111",https://www.zillow.com/homedetails/33-Hartt-Ln-Newington-CT-06111/174065262_zpid/
280000,9240000,4,3,2320,53.94,House for sale,"146 Jordan Ln, Wethersfield, CT 06109",https://www.zillow.com/homedetails/146-Jordan-Ln-Wethersfield-CT-06109/57789625_zpid/
359000,11847000,4,2,2291,53.26575,Coming soon,"38 Oak Ridge Gate, Danbury, CT 06810",https://www.zillow.com/homedetails/38-Oak-Ridge-Gate-Danbury-CT-06810/58778293_zpid/
695900,22964700,5,4,3716,86.397,House for sale,"497 Skokorat Rd, Beacon Falls, CT 06403",https://www.zillow.com/homedetails/497-Skokorat-Rd-Beacon-Falls-CT-06403/174451487_zpid/
389900,12866700,3,3,1778,41.338499999999996,House for sale,"205 Nott St, Wethersfield, CT 06109",https://www.zillow.com/homedetails/205-Nott-St-Wethersfield-CT-06109/57789552_zpid/
339900,11216700,3,3,1744,40.548,Coming soon,"1293 Half Moon Rd, Cheshire, CT 06410",https://www.zillow.com/homedetails/1293-Half-Moon-Rd-Cheshire-CT-06410/60019461_zpid/
2295000,75735000,5,8,7531,175.09575,Coming soon,"9 Laurel Lake W, Weston, CT 06883",https://www.zillow.com/homedetails/9-Laurel-Lake-W-Weston-CT-06883/88914376_zpid/
369900,12206700,2,2,1659,38.57175,House for sale,"3 Woodruff St, Southington, CT 06489",https://www.zillow.com/homedetails/3-Woodruff-St-Southington-CT-06489/60005380_zpid/
159000,5247000,2,2,1941,45.12825,Townhouse for sale,"560 Yale Ave #186, Meriden, CT 06450",https://www.zillow.com/homedetails/560-Yale-Ave-186-Meriden-CT-06450/57926447_zpid/
399000,13167000,3,2,2156,50.127,Coming soon,"108 Robin Ridge Dr, Madison, CT 06443",https://www.zillow.com/homedetails/108-Robin-Ridge-Dr-Madison-CT-06443/58911552_zpid/
200000,6600000,4,2,1937,45.03525,Multi-family home for sale,"38 Summer St, Bristol, CT 06010",https://www.zillow.com/homedetails/38-Summer-St-Bristol-CT-06010/57696940_zpid/
279900,9236700,4,2,1344,31.248,House for sale,"122 Oberlin Rd, Hamden, CT 06514",https://www.zillow.com/homedetails/122-Oberlin-Rd-Hamden-CT-06514/57912175_zpid/
