214900,7091700,3,2,1415,32.89875,New construction,"6457 S 710 W. #233 Plan, Winchester Estates",https://www.zillow.com/community/winchester-estates/2065536169_zpid/
232456,7671048,7,9,5373,124.92225,New construction,"5339 Cyan Ln, Saint George, UT 84790",https://www.zillow.com/homedetails/5339-Cyan-Ln-Saint-George-UT-84790/2067866216_zpid/
595000,19635000,3,2,1856,43.152,House for sale,"2514 E Beacon Dr, Salt Lake City, UT 84108",https://www.zillow.com/homedetails/2514-E-Beacon-Dr-Salt-Lake-City-UT-84108/12765010_zpid/
265000,8745000,3,2,1450,33.7125,Home for sale,"2023 W 1800 N, Saint George, UT 84770",https://www.zillow.com/homedetails/2023-W-1800-N-Saint-George-UT-84770/68885621_zpid/
475000,15675000,4,2,2017,46.89525,House for sale,"1836 W Morton Dr N, Salt Lake City, UT 84116",https://www.zillow.com/homedetails/1836-W-Morton-Dr-N-Salt-Lake-City-UT-84116/2072297400_zpid/
585000,19305000,5,3,3144,73.098,House for sale,"917 E 1525 N, Ogden, UT 84404",https://www.zillow.com/homedetails/917-E-1525-N-Ogden-UT-84404/70395789_zpid/
439990,14519670,3,2,1202,27.9465,House for sale,"2277 E Lake View Dr, Saratoga Springs, UT 84043",https://www.zillow.com/homedetails/2277-E-Lake-View-Dr-Saratoga-Springs-UT-84043/65197096_zpid/
370000,12210000,3,3,2685,62.426249999999996,House for sale,"206 S 100 W, Brigham City, UT 84302",https://www.zillow.com/homedetails/206-S-100-W-Brigham-City-UT-84302/85860910_zpid/
388000,12804000,2,2,1267,29.45775,House for sale,"239 S 300 W, Provo, UT 84601",https://www.zillow.com/homedetails/239-S-300-W-Provo-UT-84601/11887872_zpid/
585000,19305000,4,3,2622,60.9615,House for sale,"1137 E Fort Pierce Dr N, Saint George, UT 84790",https://www.zillow.com/homedetails/1137-E-Fort-Pierce-Dr-N-Saint-George-UT-84790/68875284_zpid/
749000,24717000,5,4,4580,106.485,House for sale,"1059 Bountiful Hills Dr, Bountiful, UT 84010",https://www.zillow.com/homedetails/1059-Bountiful-Hills-Dr-Bountiful-UT-84010/12669950_zpid/
285000,9405000,3,1,1890,43.9425,House for sale,"665 Kershaw St, Ogden, UT 84403",https://www.zillow.com/homedetails/665-Kershaw-St-Ogden-UT-84403/11966197_zpid/
585000,19305000,4,2,2046,47.5695,House for sale,"3030 S 2700 E, Millcreek, UT 84109",https://www.zillow.com/homedetails/3030-S-2700-E-Millcreek-UT-84109/12782661_zpid/
399000,13167000,4,2,1344,31.248,House for sale,"782 W Fremont Ave, Salt Lake City, UT 84104",https://www.zillow.com/homedetails/782-W-Fremont-Ave-Salt-Lake-City-UT-84104/12739540_zpid/
685000,22605000,5,3,3660,85.095,House for sale,"2329 N 500 W, Layton, UT 84041",https://www.zillow.com/homedetails/2329-N-500-W-Layton-UT-84041/68440820_zpid/
650000,21450000,4,3,3023,70.28475,House for sale,"9384 S Michal Robert Ln, West Jordan, UT 84081",https://www.zillow.com/homedetails/9384-S-Michal-Robert-Ln-West-Jordan-UT-84081/248885916_zpid/
380000,12540000,4,2,1856,43.152,House for sale,"1106 S 680 W, Payson, UT 84651",https://www.zillow.com/homedetails/1106-S-680-W-Payson-UT-84651/11913128_zpid/
469000,15477000,4,3,2184,50.778,House for sale,"7622 S Yellowwood Ln, West Jordan, UT 84081",https://www.zillow.com/homedetails/7622-S-Yellowwood-Ln-West-Jordan-UT-84081/69224849_zpid/
264000,8712000,3,2,1710,39.7575,Home for sale,"1753 N 1975 W, Saint George, UT 84770",https://www.zillow.com/homedetails/1753-N-1975-W-Saint-George-UT-84770/68898571_zpid/
399000,13167000,3,2,1719,39.96675,House for sale,"5860 S 4075th Dr W, Roy, UT 84067",https://www.zillow.com/homedetails/5860-S-4075th-Dr-W-Roy-UT-84067/2065526493_zpid/
629000,20757000,3,2,1646,38.2695,House for sale,"1407 E 3010 S, Millcreek, UT 84106",https://www.zillow.com/homedetails/1407-E-3010-S-Millcreek-UT-84106/12783885_zpid/
514999,16994967,4,3,1576,36.642,House for sale,"73 S 1610 W, Lehi, UT 84043",https://www.zillow.com/homedetails/73-S-1610-W-Lehi-UT-84043/53356256_zpid/
629900,20786700,4,4,2588,60.171,House for sale,"4892 W Willamette Way, South Jordan, UT 84009",https://www.zillow.com/homedetails/4892-W-Willamette-Way-South-Jordan-UT-84009/97770840_zpid/
449000,14817000,2,2,1275,29.64375,House for sale,"3530 N Arapaho Dr, Alton, UT 84710",https://www.zillow.com/homedetails/3530-N-Arapaho-Dr-Alton-UT-84710/2065563028_zpid/
642000,21186000,3,3,2244,52.173,House for sale,"1902 Wide River Dr #314, Saint George, UT 84790",https://www.zillow.com/homedetails/1902-Wide-River-Dr-314-Saint-George-UT-84790/2065535672_zpid/
580000,19140000,4,2,1900,44.175,House for sale,"129 W 100 S, Heber City, UT 84032",https://www.zillow.com/homedetails/129-W-100-S-Heber-City-UT-84032/245824760_zpid/
389900,12866700,3,1,1560,36.27,House for sale,"4656 S Citadel St, West Valley, UT 84120",https://www.zillow.com/homedetails/4656-S-Citadel-St-West-Valley-UT-84120/12816181_zpid/
635000,20955000,5,4,2940,68.355,House for sale,"422 W Pumpkin Patch Dr, Saratoga Springs, UT 84045",https://www.zillow.com/homedetails/422-W-Pumpkin-Patch-Dr-Saratoga-Springs-UT-84045/68836994_zpid/
799000,26367000,3,2,2350,54.6375,House for sale,"9871 E Ridge Pine Dr #1137, Heber City, UT 84032",https://www.zillow.com/homedetails/9871-E-Ridge-Pine-Dr-1137-Heber-City-UT-84032/2065514647_zpid/
630000,20790000,5,3,3298,76.6785,House for sale,"6151 S 2125 E, Ogden, UT 84403",https://www.zillow.com/homedetails/6151-S-2125-E-Ogden-UT-84403/11976702_zpid/
845000,27885000,4,2,2133,49.59225,House for sale,"428 K St, Salt Lake City, UT 84103",https://www.zillow.com/homedetails/428-K-St-Salt-Lake-City-UT-84103/2065533664_zpid/
499000,16467000,3,3,2333,54.24225,House for sale,"5127 W Fortrose Dr, Herriman, UT 84096",https://www.zillow.com/homedetails/5127-W-Fortrose-Dr-Herriman-UT-84096/72631081_zpid/
575000,18975000,4,4,2624,61.008,House for sale,"11762 S Copper Rose Way, South Jordan, UT 84009",https://www.zillow.com/homedetails/11762-S-Copper-Rose-Way-South-Jordan-UT-84009/72632941_zpid/
410000,13530000,4,2,1941,45.12825,House for sale,"5415 S Townsend Way, Salt Lake City, UT 84118",https://www.zillow.com/homedetails/5415-S-Townsend-Way-Salt-Lake-City-UT-84118/2065516380_zpid/
2995000,98835000,6,5,3117,72.47025,House for sale,"1313 Park Ave, Park City, UT 84060",https://www.zillow.com/homedetails/1313-Park-Ave-Park-City-UT-84060/68844546_zpid/
435000,14355000,4,3,1676,38.967,House for sale,"441 W 1900 S, Clearfield, UT 84015",https://www.zillow.com/homedetails/441-W-1900-S-Clearfield-UT-84015/68435410_zpid/
586000,19338000,4,3,2111,49.08075,House for sale,"2262 S 2940 W, Syracuse, UT 84075",https://www.zillow.com/homedetails/2262-S-2940-W-Syracuse-UT-84075/58392553_zpid/
249000,8217000,0,2,621,14.43825,Townhouse for sale,"464 N Highway 143 #B304, Brian Head, UT 84719",https://www.zillow.com/homedetails/464-N-Highway-143-B304-Brian-Head-UT-84719/229641439_zpid/
42000000,1386000000,7,11,17567,408.43275,New construction,"253 White Pine Canyon Rd, Park City, UT 84060",https://www.zillow.com/homedetails/253-White-Pine-Canyon-Rd-Park-City-UT-84060/110283320_zpid/
500000,16500000,4,2,2160,50.22,House for sale,"6140 S Don Juan Dr, Taylorsville, UT 84129",https://www.zillow.com/homedetails/6140-S-Don-Juan-Dr-Taylorsville-UT-84129/12829416_zpid/
244000,8052000,2,2,1116,25.947,Townhouse for sale,"281 E 7th St S #8, Ogden, UT 84404",https://www.zillow.com/homedetails/281-E-7th-St-S-8-Ogden-UT-84404/2065512821_zpid/
399950,13198350,4,2,1904,44.268,House for sale,"270 N 200 W, Tooele, UT 84074",https://www.zillow.com/homedetails/270-N-200-W-Tooele-UT-84074/68857557_zpid/
459900,15176700,3,2,2253,52.38225,House for sale,"194 N 200 W, Tooele, UT 84074",https://www.zillow.com/homedetails/194-N-200-W-Tooele-UT-84074/68857646_zpid/
575000,18975000,3,2,3229,75.07425,House for sale,"621 W Latonia Cir, Saint George, UT 84790",https://www.zillow.com/homedetails/621-W-Latonia-Cir-Saint-George-UT-84790/2065561944_zpid/
720000,23760000,5,3,2789,64.84425,House for sale,"2795 S Camino Real, Washington, UT 84780",https://www.zillow.com/homedetails/2795-S-Camino-Real-Washington-UT-84780/89432054_zpid/
1340000,44220000,3,3,1913,44.47725,House for sale,"1022 Station Loop Rd, Park City, UT 84098",https://www.zillow.com/homedetails/1022-Station-Loop-Rd-Park-City-UT-84098/68853629_zpid/
565000,18645000,3,3,1817,42.24525,House for sale,"491 E Todd Pl, Washington, UT 84780",https://www.zillow.com/homedetails/491-E-Todd-Pl-Washington-UT-84780/299936992_zpid/
1350000,44550000,5,4,3600,83.7,House for sale,"2120 E Marrwood Cir, Salt Lake City, UT 84124",https://www.zillow.com/homedetails/2120-E-Marrwood-Cir-Salt-Lake-City-UT-84124/2072783214_zpid/
300000,9900000,7,2,2380,55.335,House for sale,"3004 S 600 E, Vernal, UT 84078",https://www.zillow.com/homedetails/3004-S-600-E-Vernal-UT-84078/80633124_zpid/
744900,24581700,4,4,3451,80.23575,House for sale,"1589 Success Ln, Sandy, UT 84092",https://www.zillow.com/homedetails/1589-Success-Ln-Sandy-UT-84092/2065734394_zpid/
312000,10296000,3,2,1920,44.64,House for sale,"333 S Latigo Loop, Monticello, UT 84535",https://www.zillow.com/homedetails/333-S-Latigo-Loop-Monticello-UT-84535/194465757_zpid/
749000,24717000,3,2,2004,46.592999999999996,House for sale,"2635 S Alden St, Salt Lake City, UT 84106",https://www.zillow.com/homedetails/2635-S-Alden-St-Salt-Lake-City-UT-84106/12777448_zpid/
450000,14850000,5,2,1741,40.47825,House for sale,"1162 E Turquoise Way, Sandy, UT 84094",https://www.zillow.com/homedetails/1162-E-Turquoise-Way-Sandy-UT-84094/12916062_zpid/
481000,15873000,6,3,2673,62.14725,House for sale,"2159 E Revere Way, Eagle Mountain, UT 84005",https://www.zillow.com/homedetails/2159-E-Revere-Way-Eagle-Mountain-UT-84005/82717872_zpid/
399900,13196700,4,4,2273,52.84725,Townhouse for sale,"700 S Clearwater Falls Dr E, Layton, UT 84041",https://www.zillow.com/homedetails/700-S-Clearwater-Falls-Dr-E-Layton-UT-84041/2065534159_zpid/
399000,13167000,3,2,1528,35.525999999999996,House for sale,"2050 W Canyon View Dr APT 26, Saint George, UT 84770",https://www.zillow.com/homedetails/2050-W-Canyon-View-Dr-APT-26-Saint-George-UT-84770/68884972_zpid/
289900,9566700,2,1,1178,27.3885,House for sale,"241 S 400 W, Brigham City, UT 84302",https://www.zillow.com/homedetails/241-S-400-W-Brigham-City-UT-84302/85854078_zpid/
6950000,229350000,5,8,6493,150.96225,House for sale,"2559 Lupine Ln, Park City, UT 84060",https://www.zillow.com/homedetails/2559-Lupine-Ln-Park-City-UT-84060/68846471_zpid/
545000,17985000,3,2,1576,36.642,House for sale,"946 S 790 W, Lehi, UT 84043",https://www.zillow.com/homedetails/946-S-790-W-Lehi-UT-84043/60844931_zpid/
649900,21446700,5,3,2984,69.378,House for sale,"431 W Stetson Ave, Saratoga Springs, UT 84045",https://www.zillow.com/homedetails/431-W-Stetson-Ave-Saratoga-Springs-UT-84045/122541445_zpid/
399900,13196700,5,3,2174,50.5455,House for sale,"902 S West Redview Dr, Monroe, UT 84754",https://www.zillow.com/homedetails/902-S-West-Redview-Dr-Monroe-UT-84754/102729888_zpid/
499900,16496700,5,4,1882,43.7565,House for sale,"1184 W 2980 S, Nibley, UT 84321",https://www.zillow.com/homedetails/1184-W-2980-S-Nibley-UT-84321/218908456_zpid/
399000,13167000,3,1,1705,39.64125,House for sale,"685 W 500 N, Provo, UT 84601",https://www.zillow.com/homedetails/685-W-500-N-Provo-UT-84601/11888502_zpid/
480000,15840000,3,2,1720,39.99,Townhouse for sale,"810 S Dixie Dr #1411, St George, UT 84770",https://www.zillow.com/homedetails/810-S-Dixie-Dr-1411-St-George-UT-84770/97778283_zpid/
599900,19796700,3,3,2275,52.89375,House for sale,"4606 S Park Manor Dr, Millcreek, UT 84117",https://www.zillow.com/homedetails/4606-S-Park-Manor-Dr-Millcreek-UT-84117/12855481_zpid/
589888,19466304,3,3,2488,57.846,House for sale,"349 S Lloyd Canyon Rd, Pine Valley, UT 84781",https://www.zillow.com/homedetails/349-S-Lloyd-Canyon-Rd-Pine-Valley-UT-84781/89428430_zpid/
17500000,577500000,7,11,20905,486.04125,House for sale,"831 N Explorer Peak Dr, Heber City, UT 84032",https://www.zillow.com/homedetails/831-N-Explorer-Peak-Dr-Heber-City-UT-84032/227708755_zpid/
549900,18146700,6,2,2172,50.499,House for sale,"1189 N 80th St E, American Fork, UT 84003",https://www.zillow.com/homedetails/1189-N-80th-St-E-American-Fork-UT-84003/2067153512_zpid/
190000,6270000,3,1,952,22.134,House for sale,"260 N 100 E, Salina, UT 84654",https://www.zillow.com/homedetails/260-N-100-E-Salina-UT-84654/102725631_zpid/
590000,19470000,5,4,3260,75.795,House for sale,"6138 Bluff Ridge Dr, West Valley City, UT 84128",https://www.zillow.com/homedetails/6138-Bluff-Ridge-Dr-West-Valley-City-UT-84128/2065531796_zpid/
799000,26367000,4,3,3052,70.959,House for sale,"23231 E Deer Valley Dr, Spanish Fork, UT 84660",https://www.zillow.com/homedetails/23231-E-Deer-Valley-Dr-Spanish-Fork-UT-84660/104436625_zpid/
850000,28050000,5,4,4038,93.8835,House for sale,"13668 S Sedona Ct, Herriman, UT 84096",https://www.zillow.com/homedetails/13668-S-Sedona-Ct-Herriman-UT-84096/251210826_zpid/
625000,20625000,5,3,3124,72.633,House for sale,"718 E 50 S, Mona, UT 84645",https://www.zillow.com/homedetails/718-E-50-S-Mona-UT-84645/236693734_zpid/
530000,17490000,3,3,1855,43.12875,House for sale,"1611 W Parkview Dr, Syracuse, UT 84075",https://www.zillow.com/homedetails/1611-W-Parkview-Dr-Syracuse-UT-84075/304692241_zpid/
799950,26398350,4,3,4266,99.1845,New construction,"1328 Union Bench Dr #26, Mapleton, UT 84664",https://www.zillow.com/homedetails/1328-Union-Bench-Dr-26-Mapleton-UT-84664/2065539784_zpid/
429900,14186700,4,2,2062,47.9415,House for sale,"680 W 725 N, Clearfield, UT 84015",https://www.zillow.com/homedetails/680-W-725-N-Clearfield-UT-84015/12707792_zpid/
459900,15176700,5,4,2685,62.426249999999996,House for sale,"201 N 2475th Cir W, Cedar City, UT 84720",https://www.zillow.com/homedetails/201-N-2475th-Cir-W-Cedar-City-UT-84720/2065562335_zpid/
600000,19800000,4,2,1924,44.733,Multi-family home for sale,"155 E 500 S, Heber City, UT 84032",https://www.zillow.com/homedetails/155-E-500-S-Heber-City-UT-84032/245824698_zpid/
285000,9405000,3,1,1492,34.689,House for sale,"321 S 100 W, Kanab, UT 84741",https://www.zillow.com/homedetails/321-S-100-W-Kanab-UT-84741/108155707_zpid/
860000,28380000,5,4,3961,92.09325,House for sale,"11998 S Lampton View Dr, Riverton, UT 84065",https://www.zillow.com/homedetails/11998-S-Lampton-View-Dr-Riverton-UT-84065/12901889_zpid/
228800,7550400,3,2,1760,40.92,New construction,"Barrington 28663B Plan, Wasatch View Estates",https://www.zillow.com/community/wasatch-view-estates/2067747056_zpid/
425000,14025000,4,2,1564,36.363,Townhouse for sale,"418 E Braidhill Dr, Draper, UT 84020",https://www.zillow.com/homedetails/418-E-Braidhill-Dr-Draper-UT-84020/54693566_zpid/
395000,13035000,3,2,1274,29.6205,House for sale,"812 S 670 W, Logan, UT 84321",https://www.zillow.com/homedetails/812-S-670-W-Logan-UT-84321/126187765_zpid/
21000000,693000000,6,13,50738,1179.6585,House for sale,"8272 E Left Fork Hobble Creek Rd, Springville, UT 84663",https://www.zillow.com/homedetails/8272-E-Left-Fork-Hobble-Creek-Rd-Springville-UT-84663/247989711_zpid/
310000,10230000,3,2,1200,27.9,House for sale,"1098 N Cedar Blvd, Cedar City, UT 84721",https://www.zillow.com/homedetails/1098-N-Cedar-Blvd-Cedar-City-UT-84721/2065532267_zpid/
439000,14487000,5,2,2061,47.91825,House for sale,"85 E 1600 S, Orem, UT 84058",https://www.zillow.com/homedetails/85-E-1600-S-Orem-UT-84058/11909750_zpid/
1650000,54450000,6,4,4480,104.16,House for sale,"120 Parkview Ter, Park City, UT 84098",https://www.zillow.com/homedetails/120-Parkview-Ter-Park-City-UT-84098/68522662_zpid/
599999,19799967,4,2,1686,39.1995,Multi-family home for sale,"151 W Mead Ave, Salt Lake City, UT 84101",https://www.zillow.com/homedetails/151-W-Mead-Ave-Salt-Lake-City-UT-84101/12739939_zpid/
475000,15675000,4,2,3833,89.11725,House for sale,"82 W Center St, Ephraim, UT 84627",https://www.zillow.com/homedetails/82-W-Center-St-Ephraim-UT-84627/124928235_zpid/
467500,15427500,3,2,2912,67.704,New construction,"Dempsey Plan, Magnolia Circle",https://www.zillow.com/community/magnolia-circle/2067359416_zpid/
660000,21780000,5,4,3775,87.76875,House for sale,"2092 E Kays Creek Dr, Layton, UT 84040",https://www.zillow.com/homedetails/2092-E-Kays-Creek-Dr-Layton-UT-84040/12686132_zpid/
1250000,41250000,4,3,5606,130.3395,House for sale,"11159 S Anna Cir, South Jordan, UT 84095",https://www.zillow.com/homedetails/11159-S-Anna-Cir-South-Jordan-UT-84095/12901238_zpid/
500000,16500000,3,3,1674,38.9205,House for sale,"1058 W Aberdeen Cir N, Farmington, UT 84025",https://www.zillow.com/homedetails/1058-W-Aberdeen-Cir-N-Farmington-UT-84025/2071443714_zpid/
548000,18084000,3,2,1402,32.5965,House for sale,"477 S The Narrows, Hurricane, UT 84737",https://www.zillow.com/homedetails/477-S-The-Narrows-Hurricane-UT-84737/335619768_zpid/
615000,20295000,5,3,3328,77.376,House for sale,"188 E 2050 N, Ogden, UT 84414",https://www.zillow.com/homedetails/188-E-2050-N-Ogden-UT-84414/67696662_zpid/
570000,18810000,3,2,1596,37.107,Townhouse for sale,"4644 W Isla Daybreak Rd, South Jordan, UT 84009",https://www.zillow.com/homedetails/4644-W-Isla-Daybreak-Rd-South-Jordan-UT-84009/333163093_zpid/
495000,16335000,4,2,1850,43.0125,House for sale,"2403 W Sugar Pl, West Jordan, UT 84088",https://www.zillow.com/homedetails/2403-W-Sugar-Pl-West-Jordan-UT-84088/12845821_zpid/
465000,15345000,4,2,1860,43.245,House for sale,"1840 W Jennifer Way, Salt Lake City, UT 84116",https://www.zillow.com/homedetails/1840-W-Jennifer-Way-Salt-Lake-City-UT-84116/12713860_zpid/
200000,6600000,2,1,50,1.1625,House for sale,"30 E 300 N, Orangeville, UT 84537",https://www.zillow.com/homedetails/30-E-300-N-Orangeville-UT-84537/305825162_zpid/
395000,13035000,3,2,1726,40.1295,House for sale,"8689 W 3100 S, Magna, UT 84044",https://www.zillow.com/homedetails/8689-W-3100-S-Magna-UT-84044/12727126_zpid/
350000,11550000,3,1,2692,62.589,House for sale,"1532 S 1900 E, Salt Lake City, UT 84108",https://www.zillow.com/homedetails/1532-S-1900-E-Salt-Lake-City-UT-84108/12767480_zpid/
499900,16496700,3,3,2028,47.150999999999996,House for sale,"5037 W Currant Dr, South Jordan, UT 84009",https://www.zillow.com/homedetails/5037-W-Currant-Dr-South-Jordan-UT-84009/89422463_zpid/
455000,15015000,3,2,1694,39.3855,House for sale,"5893 S Sanford Dr, Murray, UT 84123",https://www.zillow.com/homedetails/5893-S-Sanford-Dr-Murray-UT-84123/145681996_zpid/
550000,18150000,5,3,2411,56.055749999999996,House for sale,"174 W 200 S, Morgan, UT 84050",https://www.zillow.com/homedetails/174-W-200-S-Morgan-UT-84050/236193036_zpid/
399000,13167000,5,2,2108,49.011,House for sale,"1591 W Stanford St, Layton, UT 84041",https://www.zillow.com/homedetails/1591-W-Stanford-St-Layton-UT-84041/12688834_zpid/
750000,24750000,3,3,3617,84.09525,House for sale,"2351 N 4060 W, Lehi, UT 84043",https://www.zillow.com/homedetails/2351-N-4060-W-Lehi-UT-84043/309712477_zpid/
3250000,107250000,6,5,6136,142.662,House for sale,"1556 E Federal Heights Dr, Salt Lake City, UT 84103",https://www.zillow.com/homedetails/1556-E-Federal-Heights-Dr-Salt-Lake-City-UT-84103/12722078_zpid/
390000,12870000,3,3,1315,30.57375,Townhouse for sale,"1949 N Hollow Ct, Lehi, UT 84043",https://www.zillow.com/homedetails/1949-N-Hollow-Ct-Lehi-UT-84043/68909624_zpid/
420000,13860000,5,3,2464,57.288,House for sale,"12 S 600 E, Brigham City, UT 84302",https://www.zillow.com/homedetails/12-S-600-E-Brigham-City-UT-84302/85853838_zpid/
475000,15675000,3,3,1938,45.0585,House for sale,"410 Wheatridge Rd, Tooele, UT 84074",https://www.zillow.com/homedetails/410-Wheatridge-Rd-Tooele-UT-84074/68865247_zpid/
375000,12375000,6,6,3108,72.261,Multi-family home for sale,"205 E 1100 S, Vernal, UT 84078",https://www.zillow.com/homedetails/205-E-1100-S-Vernal-UT-84078/114369871_zpid/
768500,25360500,3,3,3720,86.49,New construction,"2851 Liam Ln #105, Eagle Mountain, UT 84005",https://www.zillow.com/homedetails/2851-Liam-Ln-105-Eagle-Mountain-UT-84005/2065517749_zpid/
825000,27225000,3,3,3366,78.2595,House for sale,"2281 Wedgewood Dr, Saint George, UT 84770",https://www.zillow.com/homedetails/2281-Wedgewood-Dr-Saint-George-UT-84770/68870183_zpid/
447500,14767500,5,2,2958,68.7735,House for sale,"281 E 100 N, Parowan, UT 84761",https://www.zillow.com/homedetails/281-E-100-N-Parowan-UT-84761/229637351_zpid/
510000,16830000,4,4,2222,51.6615,Townhouse for sale,"13654 S Danaus Way, Herriman, UT 84096",https://www.zillow.com/homedetails/13654-S-Danaus-Way-Herriman-UT-84096/2071416099_zpid/
515000,16995000,3,3,1830,42.5475,House for sale,"3005 E Primrose Path, Alton, UT 84710",https://www.zillow.com/homedetails/3005-E-Primrose-Path-Alton-UT-84710/247212119_zpid/
296000,9768000,2,2,1245,28.94625,Townhouse for sale,"54 Millpond, Stansbury Park, UT 84074",https://www.zillow.com/homedetails/54-Millpond-Stansbury-Park-UT-84074/68866736_zpid/
376000,12408000,3,2,1630,37.8975,House for sale,"162 S Country Clb, Ogden, UT 84403",https://www.zillow.com/homedetails/162-S-Country-Clb-Ogden-UT-84403/2065520333_zpid/
1390000,45870000,6,3,3014,70.0755,House for sale,"886 S 50th St W, Springville, UT 84663",https://www.zillow.com/homedetails/886-S-50th-St-W-Springville-UT-84663/2065517952_zpid/
439900,14516700,3,2,1284,29.853,House for sale,"3315 E Silver Sky Dr, Washington, UT 84780",https://www.zillow.com/homedetails/3315-E-Silver-Sky-Dr-Washington-UT-84780/68899347_zpid/
489000,16137000,3,3,1816,42.222,House for sale,"278 N 200 E, Paragonah, UT 84760",https://www.zillow.com/homedetails/278-N-200-E-Paragonah-UT-84760/229637497_zpid/
320000,10560000,3,2,1005,23.36625,House for sale,"224 S Pingree Ave E, Ogden, UT 84404",https://www.zillow.com/homedetails/224-S-Pingree-Ave-E-Ogden-UT-84404/2071458782_zpid/
425000,14025000,3,3,1812,42.129,Multi-family home for sale,"444 E 250 N, Springville, UT 84663",https://www.zillow.com/homedetails/444-E-250-N-Springville-UT-84663/11952420_zpid/
390000,12870000,3,2,2040,47.43,House for sale,"275 E 400 N, Parowan, UT 84761",https://www.zillow.com/homedetails/275-E-400-N-Parowan-UT-84761/229637660_zpid/
350000,11550000,4,1,2270,52.777499999999996,House for sale,"159 N 300 W, Mount Pleasant, UT 84647",https://www.zillow.com/homedetails/159-N-300-W-Mount-Pleasant-UT-84647/124929195_zpid/
1495000,49335000,3,3,3488,81.096,House for sale,"3393 E La Vie Ln S #203, Sandy, UT 84093",https://www.zillow.com/homedetails/3393-E-La-Vie-Ln-S-203-Sandy-UT-84093/2071449267_zpid/
850000,28050000,3,2,1772,41.199,House for sale,"385 N E St, Salt Lake City, UT 84103",https://www.zillow.com/homedetails/385-N-E-St-Salt-Lake-City-UT-84103/12718311_zpid/
799900,26396700,3,3,4103,95.39475,New construction,"1109 670, Salem, UT 84653",https://www.zillow.com/homedetails/1109-670-Salem-UT-84653/2065522030_zpid/
649900,21446700,4,2,2040,47.43,House for sale,"169 N 1160 W, Saint George, UT 84770",https://www.zillow.com/homedetails/169-N-1160-W-Saint-George-UT-84770/68879641_zpid/
579000,19107000,4,2,1664,38.688,Home for sale,"67 N Mount Peale Dr, Moab, UT 84532",https://www.zillow.com/homedetails/67-N-Mount-Peale-Dr-Moab-UT-84532/2103789184_zpid/
389900,12866700,3,2,1322,30.7365,House for sale,"4829 S 3900 W, Roy, UT 84067",https://www.zillow.com/homedetails/4829-S-3900-W-Roy-UT-84067/11989947_zpid/
750000,24750000,3,2,2710,63.0075,House for sale,"9080 N 5200 W, Elwood, UT 84337",https://www.zillow.com/homedetails/9080-N-5200-W-Elwood-UT-84337/92342181_zpid/
725000,23925000,3,2,1860,43.245,House for sale,"766 E Kensington Ave, Salt Lake City, UT 84105",https://www.zillow.com/homedetails/766-E-Kensington-Ave-Salt-Lake-City-UT-84105/12769312_zpid/
979000,32307000,7,5,4418,102.7185,House for sale,"9668 N 6220 W, Highland, UT 84003",https://www.zillow.com/homedetails/9668-N-6220-W-Highland-UT-84003/11919978_zpid/
1895000,62535000,2,2,1674,38.9205,House for sale,"161 Park Ave, Park City, UT 84060",https://www.zillow.com/homedetails/161-Park-Ave-Park-City-UT-84060/68839849_zpid/
560000,18480000,3,2,1642,38.1765,House for sale,"3932 Sweetwater Dr, Santa Clara, UT 84765",https://www.zillow.com/homedetails/3932-Sweetwater-Dr-Santa-Clara-UT-84765/201093126_zpid/
480000,15840000,4,2,2224,51.708,House for sale,"275 W 200 S, Annabella, UT 84711",https://www.zillow.com/homedetails/275-W-200-S-Annabella-UT-84711/235634537_zpid/
594990,19634670,7,10,7599,176.67675,New construction,"868 Sapphire Ln #547, Saint George, UT 84790",https://www.zillow.com/homedetails/868-Sapphire-Ln-547-Saint-George-UT-84790/2066535675_zpid/
589900,19466700,3,3,2596,60.357,House for sale,"1022 W Heritagecrest Way, Riverton, UT 84065",https://www.zillow.com/homedetails/1022-W-Heritagecrest-Way-Riverton-UT-84065/2073146331_zpid/
420000,13860000,3,2,1981,46.05825,House for sale,"1623 N Celia Way, Layton, UT 84041",https://www.zillow.com/homedetails/1623-N-Celia-Way-Layton-UT-84041/12688456_zpid/
645000,21285000,4,2,2705,62.89125,House for sale,"1453 N Rome Way, Apple Valley, UT 84737",https://www.zillow.com/homedetails/1453-N-Rome-Way-Apple-Valley-UT-84737/68872520_zpid/
524900,17321700,4,2,1900,44.175,Multi-family home for sale,"3926 S 850 W, Bountiful, UT 84010",https://www.zillow.com/homedetails/3926-S-850-W-Bountiful-UT-84010/12658058_zpid/
797900,26330700,4,3,3342,77.7015,House for sale,"3043 N 25 W, Provo, UT 84604",https://www.zillow.com/homedetails/3043-N-25-W-Provo-UT-84604/11910945_zpid/
685000,22605000,5,3,2855,66.37875,House for sale,"3258 W 2975 N, Ogden, UT 84404",https://www.zillow.com/homedetails/3258-W-2975-N-Ogden-UT-84404/97850083_zpid/
1000000,33000000,3,2,1874,43.5705,House for sale,"200 Aspen Dr, Park City, UT 84098",https://www.zillow.com/homedetails/200-Aspen-Dr-Park-City-UT-84098/68846548_zpid/
390000,12870000,3,1,1762,40.966499999999996,House for sale,"1220 E 28th St, Ogden, UT 84403",https://www.zillow.com/homedetails/1220-E-28th-St-Ogden-UT-84403/2065519294_zpid/
925000,30525000,4,4,2847,66.19275,New construction,"1969 S 5050 W #13, Ogden, UT 84401",https://www.zillow.com/homedetails/1969-S-5050-W-13-Ogden-UT-84401/2065580214_zpid/
879900,29036700,5,4,2860,66.495,House for sale,"1586 E Rawhide Cir, Alton, UT 84710",https://www.zillow.com/homedetails/1586-E-Rawhide-Cir-Alton-UT-84710/247211503_zpid/
1449000,47817000,4,3,5441,126.50325,House for sale,"2740 N 4950 E, Eden, UT 84310",https://www.zillow.com/homedetails/2740-N-4950-E-Eden-UT-84310/12018537_zpid/
450000,14850000,5,3,3011,70.00575,House for sale,"982 N Ironwood Cir, Cedar City, UT 84721",https://www.zillow.com/homedetails/982-N-Ironwood-Cir-Cedar-City-UT-84721/123072710_zpid/
357000,11781000,3,3,1404,32.643,Townhouse for sale,"367 S 1580 E, Hyrum, UT 84319",https://www.zillow.com/homedetails/367-S-1580-E-Hyrum-UT-84319/328957774_zpid/
340000,11220000,0,0,2542,59.1015,House for sale,"247 Main Hwy, Coalville, UT 84017",https://www.zillow.com/homedetails/247-Main-Hwy-Coalville-UT-84017/2067033694_zpid/
1399999,46199967,8,5,6532,151.869,House for sale,"9031 N Cassie Dr E, Eagle Mountain, UT 84005",https://www.zillow.com/homedetails/9031-N-Cassie-Dr-E-Eagle-Mountain-UT-84005/2071367794_zpid/
3675000,121275000,5,3,2898,67.3785,House for sale,"2083 Three Kings Ct, Park City, UT 84060",https://www.zillow.com/homedetails/2083-Three-Kings-Ct-Park-City-UT-84060/68846005_zpid/
349000,11517000,4,2,1617,37.59525,House for sale,"225 W 500 N, Beaver, UT 84713",https://www.zillow.com/homedetails/225-W-500-N-Beaver-UT-84713/300609778_zpid/
525000,17325000,3,3,2396,55.707,Townhouse for sale,"5417 W Autumn Moon Ln #211, Herriman, UT 84096",https://www.zillow.com/homedetails/5417-W-Autumn-Moon-Ln-211-Herriman-UT-84096/2065561943_zpid/
525000,17325000,6,3,2796,65.007,House for sale,"5833 N Bayshore Dr, Tooele, UT 84074",https://www.zillow.com/homedetails/5833-N-Bayshore-Dr-Tooele-UT-84074/96641412_zpid/
616990,20360670,4,3,2577,59.91525,New construction,"Addison Plan, Grandeur at Stonecreek",https://www.zillow.com/community/grandeur-at-stonecreek/2066624799_zpid/
685000,22605000,4,3,2748,63.891,House for sale,"60 W 100 N, Fielding, UT 84311",https://www.zillow.com/homedetails/60-W-100-N-Fielding-UT-84311/92342767_zpid/
424000,13992000,5,3,2270,52.777499999999996,Multi-family home for sale,"862 S 300 W, Logan, UT 84321",https://www.zillow.com/homedetails/862-S-300-W-Logan-UT-84321/218906977_zpid/
550000,18150000,5,3,2730,63.4725,House for sale,"5379 W Whistler Cir, Salt Lake City, UT 84118",https://www.zillow.com/homedetails/5379-W-Whistler-Cir-Salt-Lake-City-UT-84118/12802969_zpid/
365000,12045000,1,2,1037,24.11025,Townhouse for sale,"150 S West Village Dr #8-B, Beaver, UT 84713",https://www.zillow.com/homedetails/150-S-West-Village-Dr-8-B-Beaver-UT-84713/2065550719_zpid/
399000,13167000,5,3,2535,58.93875,House for sale,"389 S 350 E, Kanab, UT 84741",https://www.zillow.com/homedetails/389-S-350-E-Kanab-UT-84741/108154612_zpid/
360000,11880000,3,2,2082,48.4065,House for sale,"455 S 300 W, Brigham City, UT 84302",https://www.zillow.com/homedetails/455-S-300-W-Brigham-City-UT-84302/306194444_zpid/
2000000,66000000,5,5,5035,117.06375,House for sale,"3319 S Stamsund Ln, Washington, UT 84780",https://www.zillow.com/homedetails/3319-S-Stamsund-Ln-Washington-UT-84780/2065615625_zpid/
1100000,36300000,3,3,2699,62.75175,House for sale,"3631 E 3300 N, Eden, UT 84310",https://www.zillow.com/homedetails/3631-E-3300-N-Eden-UT-84310/12017815_zpid/
469900,15506700,4,4,2468,57.381,Townhouse for sale,"24 N 340 W, Orem, UT 84057",https://www.zillow.com/homedetails/24-N-340-W-Orem-UT-84057/11921487_zpid/
1400000,46200000,4,3,2802,65.1465,House for sale,"3152 Julies Dr, Park City, UT 84098",https://www.zillow.com/homedetails/3152-Julies-Dr-Park-City-UT-84098/68852474_zpid/
539900,17816700,5,3,2242,52.1265,House for sale,"849 E 2070th St N, Lehi, UT 84043",https://www.zillow.com/homedetails/849-E-2070th-St-N-Lehi-UT-84043/2067153416_zpid/
609543,20114919,3,3,2997,69.68025,House for sale,"4345 S 600 W, Riverdale, UT 84405",https://www.zillow.com/homedetails/4345-S-600-W-Riverdale-UT-84405/246342995_zpid/
430000,14190000,3,1,1015,23.59875,House for sale,"57 W 4500 S, Murray, UT 84107",https://www.zillow.com/homedetails/57-W-4500-S-Murray-UT-84107/12809261_zpid/
