513900,16958700,3,2,1143,26.574749999999998,House for sale,"29657 Saint Andrews Ct, Murrieta, CA 92563",https://www.zillow.com/homedetails/29657-Saint-Andrews-Ct-Murrieta-CA-92563/18189977_zpid/
403900,13328700,4,3,2016,46.872,House for sale,"17550 Fisher St, Victorville, CA 92395",https://www.zillow.com/homedetails/17550-Fisher-St-Victorville-CA-92395/63123978_zpid/
454900,15011700,4,4,3025,70.33125,House for sale,"11959 Garret Ln, Victorville, CA 92392",https://www.zillow.com/homedetails/11959-Garret-Ln-Victorville-CA-92392/64693983_zpid/
413300,13638900,3,2,1430,33.2475,House for sale,"131 Fairbanks Ave, Sacramento, CA 95838",https://www.zillow.com/homedetails/131-Fairbanks-Ave-Sacramento-CA-95838/26056779_zpid/
586200,19344600,4,2,1634,37.9905,House for sale,"820 Vintage Oak Ave, Galt, CA 95632",https://www.zillow.com/homedetails/820-Vintage-Oak-Ave-Galt-CA-95632/25957159_zpid/
414900,13691700,3,2,1503,34.94475,House for sale,"27261 El Rancho Dr, Sun City, CA 92586",https://www.zillow.com/homedetails/27261-El-Rancho-Dr-Sun-City-CA-92586/17914833_zpid/
433200,14295600,3,2,1557,36.20025,House for sale,"1365 Avenida Rosa Mundi, San Jacinto, CA 92583",https://www.zillow.com/homedetails/1365-Avenida-Rosa-Mundi-San-Jacinto-CA-92583/17972209_zpid/
279100,9210300,2,2,1190,27.6675,Townhouse for sale,"2401 Post Oak Ln, Sacramento, CA 95825",https://www.zillow.com/homedetails/2401-Post-Oak-Ln-Sacramento-CA-95825/26092021_zpid/
684900,22601700,5,3,2291,53.26575,House for sale,"16 Sego Ct, Sacramento, CA 95835",https://www.zillow.com/homedetails/16-Sego-Ct-Sacramento-CA-95835/59376829_zpid/
659900,21776700,4,3,2212,51.429,House for sale,"270 Odell Cir, Sacramento, CA 95835",https://www.zillow.com/homedetails/270-Odell-Cir-Sacramento-CA-95835/61336586_zpid/
200000,6600000,3,1,900,20.925,House for sale,"2701 32nd Ave, Sacramento, CA 95824",https://www.zillow.com/homedetails/2701-32nd-Ave-Sacramento-CA-95824/25817679_zpid/
545900,18014700,4,2,1479,34.38675,House for sale,"6716 Will Rogers Dr, Fair Oaks, CA 95628",https://www.zillow.com/homedetails/6716-Will-Rogers-Dr-Fair-Oaks-CA-95628/26042502_zpid/
860100,28383300,3,2,1250,29.0625,House for sale,"9628 Pauline Dr, Cypress, CA 90630",https://www.zillow.com/homedetails/9628-Pauline-Dr-Cypress-CA-90630/25241631_zpid/
536300,17697900,3,3,1360,31.62,House for sale,"2979 Spoonwood Way, Sacramento, CA 95833",https://www.zillow.com/homedetails/2979-Spoonwood-Way-Sacramento-CA-95833/68999769_zpid/
325000,10725000,3,2,1845,42.89625,Home for sale,"20001 Shadow Island Dr, Santa Clarita, CA 91351",https://www.zillow.com/homedetails/20001-Shadow-Island-Dr-Santa-Clarita-CA-91351/136710159_zpid/
185000,6105000,3,2,1752,40.734,House for sale,"20214 Canyon View Dr, Santa Clarita, CA 91351",https://www.zillow.com/homedetails/20214-Canyon-View-Dr-Santa-Clarita-CA-91351/136710442_zpid/
585000,19305000,3,2,1518,35.2935,House for sale,"2105 E Alden Ave, Anaheim, CA 92806",https://www.zillow.com/homedetails/2105-E-Alden-Ave-Anaheim-CA-92806/25164360_zpid/
514900,16991700,2,3,2133,49.59225,House for sale,"5483 Breckenridge Ave, Banning, CA 92220",https://www.zillow.com/homedetails/5483-Breckenridge-Ave-Banning-CA-92220/243351605_zpid/
80000,2640000,4,2,1716,39.897,Home for sale,"43532 Clinton St SPACE 345, Indio, CA 92201",https://www.zillow.com/homedetails/43532-Clinton-St-SPACE-345-Indio-CA-92201/17751995_zpid/
579999,19139967,4,3,2439,56.70675,House for sale,"696 E Cole Ave, Fresno, CA 93720",https://www.zillow.com/homedetails/696-E-Cole-Ave-Fresno-CA-93720/18688121_zpid/
644950,21283350,3,2,1478,34.3635,House for sale,"28130 Thorley Ct, Santa Clarita, CA 91351",https://www.zillow.com/homedetails/28130-Thorley-Ct-Santa-Clarita-CA-91351/20185500_zpid/
299000,9867000,0,1,450,10.4625,House for sale,"64370 Sonora Rd, Joshua Tree, CA 92252",https://www.zillow.com/homedetails/64370-Sonora-Rd-Joshua-Tree-CA-92252/299171067_zpid/
100000,3300000,4,2,2340,54.405,House for sale,"1601 Rolling Greens Way, Whittier, CA 90601",https://www.zillow.com/homedetails/1601-Rolling-Greens-Way-Whittier-CA-90601/82880620_zpid/
674900,22271700,5,3,3912,90.954,House for sale,"6719 Miramar Ln, Palmdale, CA 93551",https://www.zillow.com/homedetails/6719-Miramar-Ln-Palmdale-CA-93551/68018136_zpid/
260000,8580000,1,1,780,18.135,House for sale,"0 Hot Spgs #CY-7, San Juan Capistrano, CA 92675",https://www.zillow.com/homedetails/0-Hot-Spgs-CY-7-San-Juan-Capistrano-CA-92675/2070500118_zpid/
549900,18146700,4,2,1760,40.92,House for sale,"483 Pembrook Ave, Pomona, CA 91766",https://www.zillow.com/homedetails/483-Pembrook-Ave-Pomona-CA-91766/21510864_zpid/
300000,9900000,4,2,2120,49.29,House for sale,"157 E G St, Benicia, CA 94510",https://www.zillow.com/homedetails/157-E-G-St-Benicia-CA-94510/2065560083_zpid/
275000,9075000,2,2,1385,32.20125,House for sale,"6470 Ridgeway Dr, Pollock Pines, CA 95726",https://www.zillow.com/homedetails/6470-Ridgeway-Dr-Pollock-Pines-CA-95726/18567895_zpid/
335000,11055000,2,2,1143,26.574749999999998,House for sale,"2096 Carnation Ave, Hemet, CA 92545",https://www.zillow.com/homedetails/2096-Carnation-Ave-Hemet-CA-92545/54958862_zpid/
475000,15675000,3,2,1148,26.691,House for sale,"6211 Corinthian Pl, Quartz Hill, CA 93536",https://www.zillow.com/homedetails/6211-Corinthian-Pl-Quartz-Hill-CA-93536/20309562_zpid/
279000,9207000,2,2,1357,31.55025,House for sale,"170 W Myrtle Ave, Reedley, CA 93654",https://www.zillow.com/homedetails/170-W-Myrtle-Ave-Reedley-CA-93654/18676673_zpid/
485000,16005000,4,3,2493,57.96225,House for sale,"135 Elm Ave, Clovis, CA 93612",https://www.zillow.com/homedetails/135-Elm-Ave-Clovis-CA-93612/18775076_zpid/
165000,5445000,3,2,1152,26.784,Home for sale,"12700 Elliott Ave SPACE 285, El Monte, CA 91732",https://www.zillow.com/homedetails/12700-Elliott-Ave-SPACE-285-El-Monte-CA-91732/336478678_zpid/
350000,11550000,3,2,1282,29.8065,House for sale,"11904 Dakota Hills Ave, Bakersfield, CA 93312",https://www.zillow.com/homedetails/11904-Dakota-Hills-Ave-Bakersfield-CA-93312/63111143_zpid/
215000,7095000,4,2,1440,33.48,House for sale,"1524 Beale Ave, Bakersfield, CA 93305",https://www.zillow.com/homedetails/1524-Beale-Ave-Bakersfield-CA-93305/18888428_zpid/
698000,23034000,3,2,1340,31.155,House for sale,"13119 Haas Ave, Gardena, CA 90249",https://www.zillow.com/homedetails/13119-Haas-Ave-Gardena-CA-90249/20356267_zpid/
349999,11549967,3,2,1733,40.29225,Home for sale,"30802 Coast Highway M4, Laguna Beach, CA 92651",https://www.zillow.com/homedetails/30802-Coast-Highway-M4-Laguna-Beach-CA-92651/2069243622_zpid/
285000,9405000,3,2,1323,30.75975,House for sale,"6312 Ellis Ave, Bakersfield, CA 93309",https://www.zillow.com/homedetails/6312-Ellis-Ave-Bakersfield-CA-93309/18957673_zpid/
450000,14850000,3,2,1663,38.66475,House for sale,"751 W Marshall Blvd, San Bernardino, CA 92405",https://www.zillow.com/homedetails/751-W-Marshall-Blvd-San-Bernardino-CA-92405/17240453_zpid/
309900,10226700,4,3,1608,37.386,House for sale,"811 W Grangeville Blvd, Hanford, CA 93230",https://www.zillow.com/homedetails/811-W-Grangeville-Blvd-Hanford-CA-93230/51072627_zpid/
299900,9896700,2,2,1120,26.04,House for sale,"12750 Hidalgo St, Desert Hot Springs, CA 92240",https://www.zillow.com/homedetails/12750-Hidalgo-St-Desert-Hot-Springs-CA-92240/18101493_zpid/
275000,9075000,2,2,1414,32.8755,House for sale,"1930 Jewell Ln, Redding, CA 96001",https://www.zillow.com/homedetails/1930-Jewell-Ln-Redding-CA-96001/15209383_zpid/
150000,4950000,3,2,1596,37.107,Home for sale,"1855 E Riverside Dr SPACE 434, Ontario, CA 91761",https://www.zillow.com/homedetails/1855-E-Riverside-Dr-SPACE-434-Ontario-CA-91761/82893800_zpid/
470000,15510000,4,3,2558,59.4735,House for sale,"10605 Rose River Falls Ave, Bakersfield, CA 93312",https://www.zillow.com/homedetails/10605-Rose-River-Falls-Ave-Bakersfield-CA-93312/62992677_zpid/
299987,9899571,3,2,1448,33.666,House for sale,"4740 E Harvard Ave, Fresno, CA 93703",https://www.zillow.com/homedetails/4740-E-Harvard-Ave-Fresno-CA-93703/18744170_zpid/
159900,5276700,3,2,1241,28.85325,Home for sale,"41150 Lahontan Dr #C-1, Big Bear Lake, CA 92315",https://www.zillow.com/homedetails/41150-Lahontan-Dr-C-1-Big-Bear-Lake-CA-92315/2065687853_zpid/
799000,26367000,3,2,1450,33.7125,House for sale,"2431 Shoreline Dr, Napa, CA 94558",https://www.zillow.com/homedetails/2431-Shoreline-Dr-Napa-CA-94558/19415126_zpid/
529500,17473500,3,2,1270,29.5275,House for sale,"4997 Hollyhock Ln, Riverside, CA 92505",https://www.zillow.com/homedetails/4997-Hollyhock-Ln-Riverside-CA-92505/17805149_zpid/
375000,12375000,1,1,758,17.6235,House for sale,"1012 Palm Ave, Martinez, CA 94553",https://www.zillow.com/homedetails/1012-Palm-Ave-Martinez-CA-94553/18491459_zpid/
890000,29370000,3,2,1277,29.69025,House for sale,"6180 Mount Angelus Dr, Los Angeles, CA 90042",https://www.zillow.com/homedetails/6180-Mount-Angelus-Dr-Los-Angeles-CA-90042/20770777_zpid/
299000,9867000,3,2,1200,27.9,House for sale,"1461 E Birch Ave, Tulare, CA 93274",https://www.zillow.com/homedetails/1461-E-Birch-Ave-Tulare-CA-93274/16273355_zpid/
545000,17985000,4,3,1777,41.31525,House for sale,"28622 Bridge Water Ln, Menifee, CA 92584",https://www.zillow.com/homedetails/28622-Bridge-Water-Ln-Menifee-CA-92584/17933544_zpid/
689900,22766700,3,2,1572,36.549,House for sale,"29141 Lotusgarden Dr, Santa Clarita, CA 91387",https://www.zillow.com/homedetails/29141-Lotusgarden-Dr-Santa-Clarita-CA-91387/20211858_zpid/
590000,19470000,3,2,1345,31.27125,House for sale,"30550 Ipara Rd, Menifee, CA 92584",https://www.zillow.com/homedetails/30550-Ipara-Rd-Menifee-CA-92584/17993957_zpid/
499000,16467000,4,3,2628,61.101,House for sale,"58917 Old Stage Rd, Cromberg, CA 96103",https://www.zillow.com/homedetails/58917-Old-Stage-Rd-Cromberg-CA-96103/299999991_zpid/
429900,14186700,3,2,1291,30.01575,House for sale,"1317 Daisy Dr, Beaumont, CA 92223",https://www.zillow.com/homedetails/1317-Daisy-Dr-Beaumont-CA-92223/61298298_zpid/
589900,19466700,3,2,1804,41.943,House for sale,"15298 Maidu Trl, Penn Valley, CA 95946",https://www.zillow.com/homedetails/15298-Maidu-Trl-Penn-Valley-CA-95946/19424665_zpid/
330000,10890000,3,2,1565,36.38625,House for sale,"670 Saint Montelena Dr, Madera, CA 93637",https://www.zillow.com/homedetails/670-Saint-Montelena-Dr-Madera-CA-93637/69244236_zpid/
415000,13695000,3,2,1616,37.572,House for sale,"5633 N Feland Ave, Fresno, CA 93711",https://www.zillow.com/homedetails/5633-N-Feland-Ave-Fresno-CA-93711/18708423_zpid/
560000,18480000,2,1,1044,24.273,House for sale,"2537 Kansas Ave, South Gate, CA 90280",https://www.zillow.com/homedetails/2537-Kansas-Ave-South-Gate-CA-90280/21026338_zpid/
795000,26235000,2,2,1263,29.36475,House for sale,"6871 Carnation Dr, Carlsbad, CA 92011",https://www.zillow.com/homedetails/6871-Carnation-Dr-Carlsbad-CA-92011/16652582_zpid/
330000,10890000,3,2,1308,30.411,House for sale,"476 W Scott Ave, Clovis, CA 93612",https://www.zillow.com/homedetails/476-W-Scott-Ave-Clovis-CA-93612/18714212_zpid/
485000,16005000,3,2,2094,48.6855,House for sale,"23901 Coral Springs Ln, Tehachapi, CA 93561",https://www.zillow.com/homedetails/23901-Coral-Springs-Ln-Tehachapi-CA-93561/18981366_zpid/
380000,12540000,3,2,1344,31.248,House for sale,"426 E Avenue R6, Palmdale, CA 93550",https://www.zillow.com/homedetails/426-E-Avenue-R6-Palmdale-CA-93550/20246161_zpid/
480000,15840000,4,4,2776,64.542,House for sale,"13845 Havasu Rd, Apple Valley, CA 92307",https://www.zillow.com/homedetails/13845-Havasu-Rd-Apple-Valley-CA-92307/17467111_zpid/
785000,25905000,3,2,1928,44.826,House for sale,"2522 Truman Ave, Oakland, CA 94605",https://www.zillow.com/homedetails/2522-Truman-Ave-Oakland-CA-94605/24807627_zpid/
200000,6600000,1,1,1200,27.9,House for sale,"6760 Lincoln Blvd, Oroville, CA 95966",https://www.zillow.com/homedetails/6760-Lincoln-Blvd-Oroville-CA-95966/18228604_zpid/
59999,1979967,3,2,1248,29.016,Home for sale,"10035 Mills Station Rd SPACE 31, Sacramento, CA 95827",https://www.zillow.com/homedetails/10035-Mills-Station-Rd-SPACE-31-Sacramento-CA-95827/61338297_zpid/
610000,20130000,3,2,2468,57.381,House for sale,"2380 Silver Dr, Arnold, CA 95223",https://www.zillow.com/homedetails/2380-Silver-Dr-Arnold-CA-95223/241593889_zpid/
700000,23100000,3,3,1640,38.13,House for sale,"1754 Bramblewood St, Chula Vista, CA 91913",https://www.zillow.com/homedetails/1754-Bramblewood-St-Chula-Vista-CA-91913/48181368_zpid/
249900,8246700,3,1,1131,26.295749999999998,House for sale,"778 Delta St, Redding, CA 96003",https://www.zillow.com/homedetails/778-Delta-St-Redding-CA-96003/15237457_zpid/
799000,26367000,4,3,2284,53.103,House for sale,"8038 E Carmen Ave, Fresno, CA 93737",https://www.zillow.com/homedetails/8038-E-Carmen-Ave-Fresno-CA-93737/18652580_zpid/
375000,12375000,4,2,1644,38.223,House for sale,"6106 Trinidad Ct, Bakersfield, CA 93313",https://www.zillow.com/homedetails/6106-Trinidad-Ct-Bakersfield-CA-93313/19048453_zpid/
639000,21087000,3,2,1435,33.36375,House for sale,"508 Del Prado Dr, Camarillo, CA 93010",https://www.zillow.com/homedetails/508-Del-Prado-Dr-Camarillo-CA-93010/16367906_zpid/
399000,13167000,3,2,1656,38.502,House for sale,"33413 River Knolls Rd, Coarsegold, CA 93614",https://www.zillow.com/homedetails/33413-River-Knolls-Rd-Coarsegold-CA-93614/19142157_zpid/
205000,6765000,4,3,1640,38.13,House for sale,"4401 Front St, Shasta Lake, CA 96019",https://www.zillow.com/homedetails/4401-Front-St-Shasta-Lake-CA-96019/15200942_zpid/
283500,9355500,3,2,1570,36.5025,House for sale,"4496 E Robinson Ave, Fresno, CA 93726",https://www.zillow.com/homedetails/4496-E-Robinson-Ave-Fresno-CA-93726/18734654_zpid/
375000,12375000,3,2,1065,24.76125,House for sale,"1740 Darby Ln, Ceres, CA 95307",https://www.zillow.com/homedetails/1740-Darby-Ln-Ceres-CA-95307/16010861_zpid/
369950,12208350,3,1,978,22.7385,House for sale,"12055 Kagel Canyon Rd, Sylmar, CA 91342",https://www.zillow.com/homedetails/12055-Kagel-Canyon-Rd-Sylmar-CA-91342/20081375_zpid/
495000,16335000,4,3,2175,50.56875,House for sale,"10304 Mountaingate Ln, Bakersfield, CA 93311",https://www.zillow.com/homedetails/10304-Mountaingate-Ln-Bakersfield-CA-93311/19009012_zpid/
300000,9900000,2,1,808,18.786,House for sale,"1408 Tebbutt Ave, Modesto, CA 95350",https://www.zillow.com/homedetails/1408-Tebbutt-Ave-Modesto-CA-95350/16072547_zpid/
599000,19767000,4,3,2311,53.73075,House for sale,"15058 Amorose St, Lake Elsinore, CA 92530",https://www.zillow.com/homedetails/15058-Amorose-St-Lake-Elsinore-CA-92530/59417333_zpid/
880000,29040000,3,2,1988,46.221,House for sale,"5805 Los Encinos St, Buena Park, CA 90620",https://www.zillow.com/homedetails/5805-Los-Encinos-St-Buena-Park-CA-90620/25339204_zpid/
699000,23067000,3,2,1264,29.387999999999998,House for sale,"508 W Leeside St, Glendora, CA 91741",https://www.zillow.com/homedetails/508-W-Leeside-St-Glendora-CA-91741/21639423_zpid/
399999,13199967,3,2,1040,24.18,House for sale,"61620 Crest Circle Dr, Joshua Tree, CA 92252",https://www.zillow.com/homedetails/61620-Crest-Circle-Dr-Joshua-Tree-CA-92252/82900854_zpid/
369000,12177000,3,2,1248,29.016,House for sale,"21686 Wasatch Mountain Rd, Sonora, CA 95370",https://www.zillow.com/homedetails/21686-Wasatch-Mountain-Rd-Sonora-CA-95370/16201657_zpid/
579900,19136700,4,3,2041,47.45325,House for sale,"207 S Emerald Oak Dr, Galt, CA 95632",https://www.zillow.com/homedetails/207-S-Emerald-Oak-Dr-Galt-CA-95632/25954164_zpid/
690000,22770000,3,2,1973,45.87225,House for sale,"14040 La Barr Pines Dr, Grass Valley, CA 95949",https://www.zillow.com/homedetails/14040-La-Barr-Pines-Dr-Grass-Valley-CA-95949/19440055_zpid/
515000,16995000,4,3,2624,61.008,House for sale,"5308 Brown Bear Ct, Bakersfield, CA 93311",https://www.zillow.com/homedetails/5308-Brown-Bear-Ct-Bakersfield-CA-93311/71331950_zpid/
589900,19466700,5,3,4268,99.231,House for sale,"389 N East St, Porterville, CA 93257",https://www.zillow.com/homedetails/389-N-East-St-Porterville-CA-93257/16291089_zpid/
440000,14520000,3,3,1408,32.736,House for sale,"1272 Pennisue Way, Chico, CA 95926",https://www.zillow.com/homedetails/1272-Pennisue-Way-Chico-CA-95926/18245141_zpid/
589900,19466700,3,1,1056,24.552,House for sale,"18609 Avalon Blvd, Carson, CA 90746",https://www.zillow.com/homedetails/18609-Avalon-Blvd-Carson-CA-90746/21261072_zpid/
349000,11517000,4,2,1362,31.6665,House for sale,"3216 N Ezie Ave, Fresno, CA 93727",https://www.zillow.com/homedetails/3216-N-Ezie-Ave-Fresno-CA-93727/18778458_zpid/
850000,28050000,3,2,1460,33.945,House for sale,"773 E El Cid, Palm Springs, CA 92262",https://www.zillow.com/homedetails/773-E-El-Cid-Palm-Springs-CA-92262/17742651_zpid/
1125000,37125000,5,5,3393,78.88725,House for sale,"881 Murray Dr, El Cajon, CA 92020",https://www.zillow.com/homedetails/881-Murray-Dr-El-Cajon-CA-92020/17026921_zpid/
279900,9236700,4,2,2036,47.336999999999996,House for sale,"19790 Remos Ct, California City, CA 93505",https://www.zillow.com/homedetails/19790-Remos-Ct-California-City-CA-93505/72173209_zpid/
625000,20625000,4,2,1376,31.992,House for sale,"22375 Espuella Dr, Santa Clarita, CA 91350",https://www.zillow.com/homedetails/22375-Espuella-Dr-Santa-Clarita-CA-91350/20218377_zpid/
590000,19470000,3,2,1400,32.55,House for sale,"829 E 7th St, Upland, CA 91786",https://www.zillow.com/homedetails/829-E-7th-St-Upland-CA-91786/17572931_zpid/
1150000,37950000,5,4,3667,85.25775,House for sale,"32369 Castle Ct, Temecula, CA 92592",https://www.zillow.com/homedetails/32369-Castle-Ct-Temecula-CA-92592/59405635_zpid/
978000,32274000,3,2,1601,37.22325,House for sale,"6512 Farmdale Ave, North Hollywood, CA 91606",https://www.zillow.com/homedetails/6512-Farmdale-Ave-North-Hollywood-CA-91606/20010393_zpid/
760000,25080000,3,2,1121,26.06325,House for sale,"13782 Willow Ln, Westminster, CA 92683",https://www.zillow.com/homedetails/13782-Willow-Ln-Westminster-CA-92683/25312251_zpid/
549900,18146700,2,1,827,19.22775,House for sale,"3526 Santa Maria St, Oceanside, CA 92056",https://www.zillow.com/homedetails/3526-Santa-Maria-St-Oceanside-CA-92056/16613745_zpid/
309000,10197000,3,1,950,22.0875,House for sale,"2012 S Hunter St, Stockton, CA 95206",https://www.zillow.com/homedetails/2012-S-Hunter-St-Stockton-CA-95206/15339119_zpid/
468000,15444000,3,2,1263,29.36475,House for sale,"40705 Corte Albara, Murrieta, CA 92562",https://www.zillow.com/homedetails/40705-Corte-Albara-Murrieta-CA-92562/18178476_zpid/
359000,11847000,2,1,764,17.762999999999998,House for sale,"2650 Victoria Dr, Santa Rosa, CA 95407",https://www.zillow.com/homedetails/2650-Victoria-Dr-Santa-Rosa-CA-95407/15788098_zpid/
199000,6567000,3,2,1110,25.8075,House for sale,"7675 Doma Ln, Shingletown, CA 96088",https://www.zillow.com/homedetails/7675-Doma-Ln-Shingletown-CA-96088/15228410_zpid/
749000,24717000,5,4,3620,84.165,House for sale,"1515 Banbridge Ct, Bakersfield, CA 93311",https://www.zillow.com/homedetails/1515-Banbridge-Ct-Bakersfield-CA-93311/19005350_zpid/
399000,13167000,2,2,1291,30.01575,House for sale,"10180 Rock Creek Rd, Placerville, CA 95667",https://www.zillow.com/homedetails/10180-Rock-Creek-Rd-Placerville-CA-95667/18604337_zpid/
659000,21747000,3,2,1326,30.8295,House for sale,"161 Purdue St, Oxnard, CA 93036",https://www.zillow.com/homedetails/161-Purdue-St-Oxnard-CA-93036/16356204_zpid/
599000,19767000,3,2,1574,36.5955,House for sale,"119 William Cir, Cloverdale, CA 95425",https://www.zillow.com/homedetails/119-William-Cir-Cloverdale-CA-95425/15824581_zpid/
12995000,428835000,8,14,12300,285.975,New construction,"4565 Encino Ave, Encino, CA 91316",https://www.zillow.com/homedetails/4565-Encino-Ave-Encino-CA-91316/19994023_zpid/
395500,13051500,3,2,1624,37.758,House for sale,"29060 Long Hollow Ct N, Coarsegold, CA 93614",https://www.zillow.com/homedetails/29060-Long-Hollow-Ct-N-Coarsegold-CA-93614/19151907_zpid/
549888,18146304,4,2,1364,31.713,House for sale,"3640 Skylark Dr, Riverside, CA 92505",https://www.zillow.com/homedetails/3640-Skylark-Dr-Riverside-CA-92505/17791499_zpid/
350000,11550000,4,2,2403,55.869749999999996,House for sale,"16270 Chippewa Rd, Apple Valley, CA 92307",https://www.zillow.com/homedetails/16270-Chippewa-Rd-Apple-Valley-CA-92307/17463308_zpid/
499000,16467000,3,3,2352,54.684,House for sale,"3900 Omo Ranch Rd, Somerset, CA 95684",https://www.zillow.com/homedetails/3900-Omo-Ranch-Rd-Somerset-CA-95684/18609364_zpid/
515000,16995000,3,3,1548,35.991,House for sale,"74391 Old Prospector Trl, Palm Desert, CA 92260",https://www.zillow.com/homedetails/74391-Old-Prospector-Trl-Palm-Desert-CA-92260/18079891_zpid/
429000,14157000,4,2,1295,30.10875,House for sale,"6701 Burdett Way, Sacramento, CA 95823",https://www.zillow.com/homedetails/6701-Burdett-Way-Sacramento-CA-95823/25840516_zpid/
300000,9900000,3,2,1385,32.20125,House for sale,"4381 E Simpson Ave, Fresno, CA 93703",https://www.zillow.com/homedetails/4381-E-Simpson-Ave-Fresno-CA-93703/18743427_zpid/
525000,17325000,3,2,1011,23.50575,Foreclosure,"602 W 80th St, Los Angeles, CA 90044",https://www.zillow.com/homedetails/602-W-80th-St-Los-Angeles-CA-90044/20946942_zpid/
619000,20427000,4,2,1350,31.3875,House for sale,"281 San Lorenzo Dr, Hollister, CA 95023",https://www.zillow.com/homedetails/281-San-Lorenzo-Dr-Hollister-CA-95023/15056424_zpid/
139900,4616700,2,2,0,0.0,Home for sale,"12401 Filmore St SPC 719, Sylmar, CA 91342",https://www.zillow.com/homedetails/12401-Filmore-St-SPC-719-Sylmar-CA-91342/2094209831_zpid/
545000,17985000,4,2,1288,29.946,House for sale,"4272 Ridgewood Dr, Riverside, CA 92509",https://www.zillow.com/homedetails/4272-Ridgewood-Dr-Riverside-CA-92509/17826717_zpid/
445000,14685000,3,3,2420,56.265,House for sale,"474 W Scott Ave, Fresno, CA 93704",https://www.zillow.com/homedetails/474-W-Scott-Ave-Fresno-CA-93704/18711645_zpid/
760000,25080000,5,3,2300,53.475,House for sale,"6738 Harrington Ct, Chino, CA 91710",https://www.zillow.com/homedetails/6738-Harrington-Ct-Chino-CA-91710/17588517_zpid/
672412,22189596,5,3,2479,57.63675,House for sale,"8674 Pyrenees Ct, Elk Grove, CA 95624",https://www.zillow.com/homedetails/8674-Pyrenees-Ct-Elk-Grove-CA-95624/25916769_zpid/
449950,14848350,4,2,1959,45.54675,House for sale,"5703 Royal Palms Pl, Bakersfield, CA 93312",https://www.zillow.com/homedetails/5703-Royal-Palms-Pl-Bakersfield-CA-93312/19042604_zpid/
480000,15840000,3,2,1676,38.967,House for sale,"2184 Shoshone Dr, Camp Connell, CA 95223",https://www.zillow.com/homedetails/2184-Shoshone-Dr-Camp-Connell-CA-95223/52442387_zpid/
849900,28046700,3,2,1001,23.27325,House for sale,"396 Atchison St, Pasadena, CA 91104",https://www.zillow.com/homedetails/396-Atchison-St-Pasadena-CA-91104/20913890_zpid/
292000,9636000,3,2,850,19.7625,House for sale,"18367 Pearmain St, Adelanto, CA 92301",https://www.zillow.com/homedetails/18367-Pearmain-St-Adelanto-CA-92301/17470433_zpid/
599999,19799967,5,2,2080,48.36,House for sale,"575 W Cascade Dr, Rialto, CA 92376",https://www.zillow.com/homedetails/575-W-Cascade-Dr-Rialto-CA-92376/17209063_zpid/
377000,12441000,3,1,1295,30.10875,House for sale,"1540 Spruce Ave, Chico, CA 95926",https://www.zillow.com/homedetails/1540-Spruce-Ave-Chico-CA-95926/18215298_zpid/
380000,12540000,4,2,1495,34.75875,House for sale,"38650 35th St E, Palmdale, CA 93550",https://www.zillow.com/homedetails/38650-35th-St-E-Palmdale-CA-93550/20254636_zpid/
1250000,41250000,4,3,2013,46.80225,House for sale,"22901 Costa Bella Dr, Lake Forest, CA 92630",https://www.zillow.com/homedetails/22901-Costa-Bella-Dr-Lake-Forest-CA-92630/25535650_zpid/
185000,6105000,4,2,0,0.0,Home for sale,"29021 Bouquet Canyon Rd SPACE 314, Santa Clarita, CA 91390",https://www.zillow.com/homedetails/29021-Bouquet-Canyon-Rd-SPACE-314-Santa-Clarita-CA-91390/136689800_zpid/
735000,24255000,3,2,1245,28.94625,House for sale,"23113 Pamplico Dr, Santa Clarita, CA 91354",https://www.zillow.com/homedetails/23113-Pamplico-Dr-Santa-Clarita-CA-91354/20201180_zpid/
779000,25707000,3,3,1333,30.99225,Townhouse for sale,"11355 Northwoods Blvd, Truckee, CA 96161",https://www.zillow.com/homedetails/11355-Northwoods-Blvd-Truckee-CA-96161/2065529976_zpid/
469900,15506700,4,3,1846,42.9195,House for sale,"3744 Hollowglen Dr, Palmdale, CA 93550",https://www.zillow.com/homedetails/3744-Hollowglen-Dr-Palmdale-CA-93550/20267457_zpid/
550000,18150000,3,2,1650,38.3625,House for sale,"1656 N Pampas Ave, Rialto, CA 92376",https://www.zillow.com/homedetails/1656-N-Pampas-Ave-Rialto-CA-92376/17220319_zpid/
649900,21446700,5,4,2726,63.3795,House for sale,"3420 Palagetto Pl, Bakersfield, CA 93314",https://www.zillow.com/homedetails/3420-Palagetto-Pl-Bakersfield-CA-93314/120920079_zpid/
469000,15477000,2,1,800,18.6,House for sale,"2660 Fountain Ave, South Lake Tahoe, CA 96150",https://www.zillow.com/homedetails/2660-Fountain-Ave-South-Lake-Tahoe-CA-96150/18580581_zpid/
629000,20757000,3,2,1335,31.03875,House for sale,"2434 Gads Hill St, Santa Rosa, CA 95401",https://www.zillow.com/homedetails/2434-Gads-Hill-St-Santa-Rosa-CA-95401/15783994_zpid/
500000,16500000,3,1,1338,31.1085,House for sale,"319 S Avenue 20, Los Angeles, CA 90031",https://www.zillow.com/homedetails/319-S-Avenue-20-Los-Angeles-CA-90031/20755330_zpid/
484900,16001700,4,2,1884,43.803,House for sale,"10703 Iron Creek Ave, Bakersfield, CA 93312",https://www.zillow.com/homedetails/10703-Iron-Creek-Ave-Bakersfield-CA-93312/19049006_zpid/
1398000,46134000,3,3,1544,35.898,House for sale,"6306 Ivarene Ave, Los Angeles, CA 90068",https://www.zillow.com/homedetails/6306-Ivarene-Ave-Los-Angeles-CA-90068/20804448_zpid/
700000,23100000,4,3,2498,58.0785,House for sale,"2217 Arnhem Pl, Modesto, CA 95356",https://www.zillow.com/homedetails/2217-Arnhem-Pl-Modesto-CA-95356/16055865_zpid/
169900,5606700,0,0,456,10.602,House for sale,"20404 Juniper Rd, Apple Valley, CA 92308",https://www.zillow.com/homedetails/20404-Juniper-Rd-Apple-Valley-CA-92308/2067380993_zpid/
729000,24057000,3,2,1280,29.759999999999998,House for sale,"406 Baker Ave, Ventura, CA 93004",https://www.zillow.com/homedetails/406-Baker-Ave-Ventura-CA-93004/16338782_zpid/
9995000,329835000,5,6,7521,174.86325,House for sale,"691 Via Trepadora, Santa Barbara, CA 93110",https://www.zillow.com/homedetails/691-Via-Trepadora-Santa-Barbara-CA-93110/325559906_zpid/
399900,13196700,2,2,1213,28.20225,Townhouse for sale,"1049 W Pine St APT C, Upland, CA 91786",https://www.zillow.com/homedetails/1049-W-Pine-St-APT-C-Upland-CA-91786/2067064987_zpid/
635000,20955000,3,2,1186,27.5745,House for sale,"8746 Sharp Ave, Sun Valley, CA 91352",https://www.zillow.com/homedetails/8746-Sharp-Ave-Sun-Valley-CA-91352/20122795_zpid/
769000,25377000,5,4,3595,83.58375,House for sale,"29712 Baker Ln, Murrieta, CA 92563",https://www.zillow.com/homedetails/29712-Baker-Ln-Murrieta-CA-92563/18190847_zpid/
1695000,55935000,2,2,2307,53.63775,House for sale,"4046 Cody Rd, Sherman Oaks, CA 91403",https://www.zillow.com/homedetails/4046-Cody-Rd-Sherman-Oaks-CA-91403/19989440_zpid/
799000,26367000,3,2,2051,47.68575,House for sale,"28346 Glenmeade Way, Escondido, CA 92026",https://www.zillow.com/homedetails/28346-Glenmeade-Way-Escondido-CA-92026/16641573_zpid/
673000,22209000,2,2,1198,27.8535,House for sale,"618 Knollview Ln, Thousand Oaks, CA 91360",https://www.zillow.com/homedetails/618-Knollview-Ln-Thousand-Oaks-CA-91360/16427058_zpid/
475000,15675000,3,2,1296,30.132,House for sale,"5593 San Jose St, Montclair, CA 91763",https://www.zillow.com/homedetails/5593-San-Jose-St-Montclair-CA-91763/17520047_zpid/
135000,4455000,2,2,1,0.02325,Home for sale,"252 2nd Ave #53, Pacifica, CA 94044",https://www.zillow.com/homedetails/252-2nd-Ave-53-Pacifica-CA-94044/2065548698_zpid/
355000,11715000,3,2,1158,26.9235,House for sale,"5875 79th St, Sacramento, CA 95824",https://www.zillow.com/homedetails/5875-79th-St-Sacramento-CA-95824/25821900_zpid/
1250000,41250000,4,2,1492,34.689,House for sale,"1050 N Valley St, Burbank, CA 91505",https://www.zillow.com/homedetails/1050-N-Valley-St-Burbank-CA-91505/20062067_zpid/
769000,25377000,3,2,1410,32.7825,House for sale,"17053 Canvas St, Santa Clarita, CA 91387",https://www.zillow.com/homedetails/17053-Canvas-St-Santa-Clarita-CA-91387/20213481_zpid/
425000,14025000,4,2,1560,36.27,House for sale,"5854 Madrid Ct, Palmdale, CA 93552",https://www.zillow.com/homedetails/5854-Madrid-Ct-Palmdale-CA-93552/20259304_zpid/
425000,14025000,3,2,1492,34.689,House for sale,"525 Santa Clara St, Stockton, CA 95207",https://www.zillow.com/homedetails/525-Santa-Clara-St-Stockton-CA-95207/15287874_zpid/
515000,16995000,4,2,1512,35.153999999999996,House for sale,"8166 Early Morning Way, Antelope, CA 95843",https://www.zillow.com/homedetails/8166-Early-Morning-Way-Antelope-CA-95843/2065541889_zpid/
259000,8547000,2,1,900,20.925,House for sale,"64 Kings Hill Rd, Colfax, CA 95713",https://www.zillow.com/homedetails/64-Kings-Hill-Rd-Colfax-CA-95713/2065798435_zpid/
219900,7256700,3,2,1538,35.7585,House for sale,"37532 Flower Rd, Hinkley, CA 92347",https://www.zillow.com/homedetails/37532-Flower-Rd-Hinkley-CA-92347/2069557498_zpid/
490000,16170000,4,2,1631,37.92075,House for sale,"505 Circuit Dr, Roseville, CA 95678",https://www.zillow.com/homedetails/505-Circuit-Dr-Roseville-CA-95678/17653235_zpid/
529900,17486700,3,2,1672,38.874,House for sale,"17610 Lakeshore Dr, Lake Elsinore, CA 92530",https://www.zillow.com/homedetails/17610-Lakeshore-Dr-Lake-Elsinore-CA-92530/17944855_zpid/
299900,9896700,3,2,0,0.0,Home for sale,"4901 Green River Rd #66, Corona, CA 92878",https://www.zillow.com/homedetails/4901-Green-River-Rd-66-Corona-CA-92878/331556898_zpid/
1049000,34617000,4,2,1572,36.549,House for sale,"11 Vista Via, Lafayette, CA 94549",https://www.zillow.com/homedetails/11-Vista-Via-Lafayette-CA-94549/18463287_zpid/
345000,11385000,3,2,1404,32.643,Home for sale,"5060 Dunn Rd, Valley Springs, CA 95252",https://www.zillow.com/homedetails/5060-Dunn-Rd-Valley-Springs-CA-95252/52454274_zpid/
180000,5940000,6,3,2790,64.86749999999999,House for sale,"33444 B St, Daggett, CA 92327",https://www.zillow.com/homedetails/33444-B-St-Daggett-CA-92327/17486028_zpid/
225000,7425000,0,1,252,5.859,House for sale,"2240 Bluegrass Ave, Twentynine Palms, CA 92277",https://www.zillow.com/homedetails/2240-Bluegrass-Ave-Twentynine-Palms-CA-92277/2066694384_zpid/
595000,19635000,4,3,2374,55.1955,House for sale,"31214 Mystic Ln, Menifee, CA 92584",https://www.zillow.com/homedetails/31214-Mystic-Ln-Menifee-CA-92584/63011105_zpid/
599999,19799967,4,3,2563,59.58975,House for sale,"28163 Lookout Point Ln, Sun City, CA 92585",https://www.zillow.com/homedetails/28163-Lookout-Point-Ln-Sun-City-CA-92585/95843744_zpid/
449000,14817000,3,1,1298,30.1785,House for sale,"15807 Ceres Ave, Fontana, CA 92335",https://www.zillow.com/homedetails/15807-Ceres-Ave-Fontana-CA-92335/17319475_zpid/
749000,24717000,4,4,2176,50.592,House for sale,"39310 Gainsborough Cir, Palm Desert, CA 92211",https://www.zillow.com/homedetails/39310-Gainsborough-Cir-Palm-Desert-CA-92211/18058554_zpid/
675000,22275000,4,2,1834,42.6405,House for sale,"207 Quietwood Dr, Vacaville, CA 95688",https://www.zillow.com/homedetails/207-Quietwood-Dr-Vacaville-CA-95688/15702188_zpid/
379900,12536700,3,2,1440,33.48,Home for sale,"510 Shawnee Rd, Perris, CA 92570",https://www.zillow.com/homedetails/510-Shawnee-Rd-Perris-CA-92570/17911309_zpid/
379900,12536700,3,2,1644,38.223,House for sale,"17941 Alder St, Hesperia, CA 92345",https://www.zillow.com/homedetails/17941-Alder-St-Hesperia-CA-92345/17436610_zpid/
779900,25736700,3,3,1771,41.17575,House for sale,"853 Arbor Cir, La Verne, CA 91750",https://www.zillow.com/homedetails/853-Arbor-Cir-La-Verne-CA-91750/21526389_zpid/
699000,23067000,3,2,1871,43.50075,House for sale,"3990 Colima Rd, Atascadero, CA 93422",https://www.zillow.com/homedetails/3990-Colima-Rd-Atascadero-CA-93422/15424757_zpid/
