189000,6237000,3,2,2284,53.103,House for sale,"140 Williamsville Rd, Hubbardston, MA 01452",https://www.zillow.com/homedetails/140-Williamsville-Rd-Hubbardston-MA-01452/57603851_zpid/
459000,15147000,3,2,1596,37.107,House for sale,"4 Cathy Rd, Chelmsford, MA 01824",https://www.zillow.com/homedetails/4-Cathy-Rd-Chelmsford-MA-01824/56448225_zpid/
499000,16467000,4,2,2485,57.77625,House for sale,"30 Newman Ave, Seekonk, MA 02771",https://www.zillow.com/homedetails/30-Newman-Ave-Seekonk-MA-02771/56872592_zpid/
359900,11876700,4,4,2796,65.007,House for sale,"194 Svenson Ave, Worcester, MA 01607",https://www.zillow.com/homedetails/194-Svenson-Ave-Worcester-MA-01607/60110989_zpid/
350000,11550000,3,1,768,17.856,House for sale,"8 Silver Birch Ave, Plymouth, MA 02360",https://www.zillow.com/homedetails/8-Silver-Birch-Ave-Plymouth-MA-02360/57211090_zpid/
550000,18150000,3,2,2124,49.383,House for sale,"902 Plain St, Stoughton, MA 02072",https://www.zillow.com/homedetails/902-Plain-St-Stoughton-MA-02072/56606798_zpid/
295000,9735000,4,2,2172,50.499,House for sale,"60 Locust Ave, Southbridge, MA 01550",https://www.zillow.com/homedetails/60-Locust-Ave-Southbridge-MA-01550/57643918_zpid/
379900,12536700,4,2,1988,46.221,House for sale,"45 Hunter Rd, Ludlow, MA 01056",https://www.zillow.com/homedetails/45-Hunter-Rd-Ludlow-MA-01056/56189793_zpid/
279000,9207000,4,2,1638,38.0835,House for sale,"22 Leonard St, Greenfield, MA 01301",https://www.zillow.com/homedetails/22-Leonard-St-Greenfield-MA-01301/56136111_zpid/
495000,16335000,3,3,1900,44.175,House for sale,"26 Temple Dr, Methuen, MA 01844",https://www.zillow.com/homedetails/26-Temple-Dr-Methuen-MA-01844/56082755_zpid/
798999,26366967,4,4,3524,81.93299999999999,House for sale,"14 Hickory Ln, Ipswich, MA 01938",https://www.zillow.com/homedetails/14-Hickory-Ln-Ipswich-MA-01938/56929239_zpid/
425000,14025000,3,2,1609,37.40925,House for sale,"40 Keyes St, Northampton, MA 01062",https://www.zillow.com/homedetails/40-Keyes-St-Northampton-MA-01062/57020265_zpid/
525000,17325000,3,2,1428,33.201,House for sale,"148 Quinaquisset Ave, Mashpee, MA 02649",https://www.zillow.com/homedetails/148-Quinaquisset-Ave-Mashpee-MA-02649/55914294_zpid/
494900,16331700,4,3,2622,60.9615,House for sale,"760 Aldrich St, Uxbridge, MA 01569",https://www.zillow.com/homedetails/760-Aldrich-St-Uxbridge-MA-01569/57664767_zpid/
619900,20456700,4,3,2675,62.19375,House for sale,"4 Stony Ridge Rd, Medway, MA 02053",https://www.zillow.com/homedetails/4-Stony-Ridge-Rd-Medway-MA-02053/57459398_zpid/
349000,11517000,4,2,2379,55.311749999999996,House for sale,"330 Eagle St, North Adams, MA 01247",https://www.zillow.com/homedetails/330-Eagle-St-North-Adams-MA-01247/56811132_zpid/
699000,23067000,3,2,1360,31.62,House for sale,"1000 School House Rd, Eastham, MA 02642",https://www.zillow.com/homedetails/1000-School-House-Rd-Eastham-MA-02642/56779707_zpid/
299900,9896700,3,2,2528,58.775999999999996,House for sale,"9 Springfield St, Wilbraham, MA 01095",https://www.zillow.com/homedetails/9-Springfield-St-Wilbraham-MA-01095/57000706_zpid/
350000,11550000,3,2,2128,49.476,Foreclosure,"39 Country Corners Rd, Amherst, MA 01002",https://www.zillow.com/homedetails/39-Country-Corners-Rd-Amherst-MA-01002/56258835_zpid/
495000,16335000,3,2,1470,34.1775,House for sale,"115 Roller Coaster Rd, Hanson, MA 02341",https://www.zillow.com/homedetails/115-Roller-Coaster-Rd-Hanson-MA-02341/184281523_zpid/
989000,32637000,4,4,3931,91.39574999999999,House for sale,"73 Pleasant St, Northborough, MA 01532",https://www.zillow.com/homedetails/73-Pleasant-St-Northborough-MA-01532/68517466_zpid/
126000,4158000,3,1,1520,35.339999999999996,House for sale,"511 Walker St, Clarksburg, MA 01247",https://www.zillow.com/homedetails/511-Walker-St-Clarksburg-MA-01247/56800754_zpid/
735000,24255000,3,3,2241,52.10325,House for sale,"110 Victoria Rd, Sudbury, MA 01776",https://www.zillow.com/homedetails/110-Victoria-Rd-Sudbury-MA-01776/57116128_zpid/
360000,11880000,3,1,1236,28.737,House for sale,"66 Vincent Cir, Worcester, MA 01604",https://www.zillow.com/homedetails/66-Vincent-Cir-Worcester-MA-01604/56759414_zpid/
489900,16166700,3,2,1600,37.2,House for sale,"210 Nashua Rd, Billerica, MA 01821",https://www.zillow.com/homedetails/210-Nashua-Rd-Billerica-MA-01821/56420767_zpid/
255000,8415000,3,2,1920,44.64,House for sale,"329 Main St, Leicester, MA 01524",https://www.zillow.com/homedetails/329-Main-St-Leicester-MA-01524/2067202737_zpid/
290000,9570000,3,1,1674,38.9205,House for sale,"168 Stafford Rd, Monson, MA 01057",https://www.zillow.com/homedetails/168-Stafford-Rd-Monson-MA-01057/193644754_zpid/
824900,27221700,4,2,1868,43.431,House for sale,"989 Main St, Chatham, MA 02633",https://www.zillow.com/homedetails/989-Main-St-Chatham-MA-02633/56775096_zpid/
399000,13167000,2,1,768,17.856,House for sale,"55 Putnam St, Beverly, MA 01915",https://www.zillow.com/homedetails/55-Putnam-St-Beverly-MA-01915/59231452_zpid/
479900,15836700,3,2,1898,44.1285,House for sale,"1 Pyburn Ave, Salem, MA 01970",https://www.zillow.com/homedetails/1-Pyburn-Ave-Salem-MA-01970/56116573_zpid/
899900,29696700,5,2,2322,53.9865,House for sale,"57 Humphreys Ln, Duxbury, MA 02332",https://www.zillow.com/homedetails/57-Humphreys-Ln-Duxbury-MA-02332/57177496_zpid/
415000,13695000,3,2,1708,39.711,House for sale,"243 Myricks St, Taunton, MA 02780",https://www.zillow.com/homedetails/243-Myricks-St-Taunton-MA-02780/56016007_zpid/
499900,16496700,3,3,1640,38.13,House for sale,"12 Deepwood Cir, Barnstable, MA 02630",https://www.zillow.com/homedetails/12-Deepwood-Cir-Barnstable-MA-02630/2065525333_zpid/
429900,14186700,4,4,2032,47.244,House for sale,"1745 Parker St, Springfield, MA 01128",https://www.zillow.com/homedetails/1745-Parker-St-Springfield-MA-01128/108868199_zpid/
450000,14850000,4,2,1584,36.828,House for sale,"68 Brentwood Ave, Brockton, MA 02301",https://www.zillow.com/homedetails/68-Brentwood-Ave-Brockton-MA-02301/57165588_zpid/
249000,8217000,3,2,1280,29.759999999999998,House for sale,"49 Bryant Rd, Otis, MA 01253",https://www.zillow.com/homedetails/49-Bryant-Rd-Otis-MA-01253/200266469_zpid/
465000,15345000,2,2,1563,36.33975,House for sale,"32 Almira Rd, South Yarmouth, MA 02664",https://www.zillow.com/homedetails/32-Almira-Rd-South-Yarmouth-MA-02664/55933014_zpid/
239999,7919967,4,2,1690,39.2925,House for sale,"784 White St, Springfield, MA 01108",https://www.zillow.com/homedetails/784-White-St-Springfield-MA-01108/56233627_zpid/
585900,19334700,3,2,1751,40.71075,House for sale,"38 Berkshire Ave, Sharon, MA 02067",https://www.zillow.com/homedetails/38-Berkshire-Ave-Sharon-MA-02067/57505033_zpid/
374900,12371700,4,3,3402,79.0965,House for sale,"520 Woodland Ave, Seekonk, MA 02771",https://www.zillow.com/homedetails/520-Woodland-Ave-Seekonk-MA-02771/56874565_zpid/
789900,26066700,5,4,3375,78.46875,House for sale,"29 Reservoir Ave, Lakeville, MA 02347",https://www.zillow.com/homedetails/29-Reservoir-Ave-Lakeville-MA-02347/57198579_zpid/
524999,17324967,4,3,2025,47.08125,House for sale,"75 Will Palmer Rd, Southwick, MA 01077",https://www.zillow.com/homedetails/75-Will-Palmer-Rd-Southwick-MA-01077/68639151_zpid/
269900,8906700,3,2,1644,38.223,Home for sale,"2 Campbell Dr, Plymouth, MA 02360",https://www.zillow.com/homedetails/2-Campbell-Dr-Plymouth-MA-02360/2093600664_zpid/
214900,7091700,4,2,1599,37.17675,House for sale,"348 Hillside Ave, Holyoke, MA 01040",https://www.zillow.com/homedetails/348-Hillside-Ave-Holyoke-MA-01040/56178069_zpid/
690000,22770000,4,3,2750,63.9375,House for sale,"84 Oldham St, Pembroke, MA 02359",https://www.zillow.com/homedetails/84-Oldham-St-Pembroke-MA-02359/57206904_zpid/
549900,18146700,3,2,1351,31.41075,House for sale,"52 Westover St, Everett, MA 02149",https://www.zillow.com/homedetails/52-Westover-St-Everett-MA-02149/56463278_zpid/
339900,11216700,3,3,2397,55.73025,House for sale,"6 Maplewood St, Longmeadow, MA 01106",https://www.zillow.com/homedetails/6-Maplewood-St-Longmeadow-MA-01106/56184793_zpid/
749900,24746700,3,3,2200,51.15,House for sale,"13A Horton St, Amesbury, MA 01913",https://www.zillow.com/homedetails/13A-Horton-St-Amesbury-MA-01913/306202608_zpid/
325000,10725000,4,2,1655,38.47875,Multi-family home for sale,"10 Svenson Ave, Worcester, MA 01607",https://www.zillow.com/homedetails/10-Svenson-Ave-Worcester-MA-01607/56759555_zpid/
249900,8246700,2,1,884,20.553,Foreclosure,"35 Berwick St, Lowell, MA 01852",https://www.zillow.com/homedetails/35-Berwick-St-Lowell-MA-01852/56514803_zpid/
535900,17684700,3,4,2800,65.1,House for sale,"36 Clark Rd, Spencer, MA 01562",https://www.zillow.com/homedetails/36-Clark-Rd-Spencer-MA-01562/57644780_zpid/
845000,27885000,4,3,2222,51.6615,House for sale,"1595 Main St, West Barnstable, MA 02668",https://www.zillow.com/homedetails/1595-Main-St-West-Barnstable-MA-02668/55856455_zpid/
579000,19107000,3,2,1740,40.455,House for sale,"21 Jennifer Rd, Lowell, MA 01854",https://www.zillow.com/homedetails/21-Jennifer-Rd-Lowell-MA-01854/56498698_zpid/
399900,13196700,4,2,1104,25.668,House for sale,"11 Diamond Ct, Dartmouth, MA 02747",https://www.zillow.com/homedetails/11-Diamond-Ct-Dartmouth-MA-02747/55969556_zpid/
375000,12375000,3,3,1513,35.17725,House for sale,"186A E Haverhill St, Lawrence, MA 01841",https://www.zillow.com/homedetails/186A-E-Haverhill-St-Lawrence-MA-01841/179843654_zpid/
375000,12375000,3,2,1572,36.549,House for sale,"522 North St, Feeding Hills, MA 01030",https://www.zillow.com/homedetails/522-North-St-Feeding-Hills-MA-01030/56148091_zpid/
525000,17325000,3,2,1628,37.851,House for sale,"32 Honey Bee Ln, Westminster, MA 01473",https://www.zillow.com/homedetails/32-Honey-Bee-Ln-Westminster-MA-01473/57681766_zpid/
579000,19107000,2,3,2736,63.612,House for sale,"41 Sawyer Way, Leominster, MA 01453",https://www.zillow.com/homedetails/41-Sawyer-Way-Leominster-MA-01453/87869108_zpid/
459900,15176700,3,2,1762,40.966499999999996,House for sale,"17 Winthrop Ave, Methuen, MA 01844",https://www.zillow.com/homedetails/17-Winthrop-Ave-Methuen-MA-01844/56086408_zpid/
1495000,49335000,3,3,1920,44.64,House for sale,"412 Mount Auburn St, Cambridge, MA 02138",https://www.zillow.com/homedetails/412-Mount-Auburn-St-Cambridge-MA-02138/56441386_zpid/
550000,18150000,3,2,1455,33.82875,House for sale,"62 Gregory Rd, Framingham, MA 01701",https://www.zillow.com/homedetails/62-Gregory-Rd-Framingham-MA-01701/165981661_zpid/
775000,25575000,3,2,1820,42.315,House for sale,"27 Maple St, Carlisle, MA 01741",https://www.zillow.com/homedetails/27-Maple-St-Carlisle-MA-01741/57058346_zpid/
945000,31185000,4,3,3008,69.93599999999999,House for sale,"142 Hager Ln, Boxboro, MA 01719",https://www.zillow.com/homedetails/142-Hager-Ln-Boxboro-MA-01719/165979864_zpid/
449000,14817000,2,2,1350,31.3875,House for sale,"21 Crosby Ave, Beverly, MA 01915",https://www.zillow.com/homedetails/21-Crosby-Ave-Beverly-MA-01915/59229706_zpid/
459900,15176700,4,2,1662,38.6415,House for sale,"130 Avondale Rd, Longmeadow, MA 01106",https://www.zillow.com/homedetails/130-Avondale-Rd-Longmeadow-MA-01106/56181513_zpid/
769900,25406700,4,3,3324,77.283,House for sale,"6 Pine Brook Ln, Littleton, MA 01460",https://www.zillow.com/homedetails/6-Pine-Brook-Ln-Littleton-MA-01460/57086144_zpid/
599000,19767000,3,2,1224,28.458,House for sale,"404 Metropolitan Ave, Roslindale, MA 02131",https://www.zillow.com/homedetails/404-Metropolitan-Ave-Roslindale-MA-02131/59147014_zpid/
774900,25571700,6,3,3695,85.90875,Multi-family home for sale,"1715 N Shore Rd, Revere, MA 02151",https://www.zillow.com/homedetails/1715-N-Shore-Rd-Revere-MA-02151/56674382_zpid/
774900,25571700,4,3,2214,51.4755,House for sale,"75 Longwater Dr, Hanover, MA 02339",https://www.zillow.com/homedetails/75-Longwater-Dr-Hanover-MA-02339/57184847_zpid/
362000,11946000,3,2,1100,25.575,House for sale,"94 Indian Hill Rd, Worcester, MA 01606",https://www.zillow.com/homedetails/94-Indian-Hill-Rd-Worcester-MA-01606/56755262_zpid/
1500000,49500000,4,3,2806,65.23949999999999,House for sale,"242 Greendale Ave, Needham, MA 02494",https://www.zillow.com/homedetails/242-Greendale-Ave-Needham-MA-02494/57476546_zpid/
335000,11055000,8,3,4841,112.55325,Multi-family home for sale,"24 Squier St, Palmer, MA 01069",https://www.zillow.com/homedetails/24-Squier-St-Palmer-MA-01069/193646122_zpid/
219900,7256700,3,2,1047,24.34275,Foreclosure,"61 Pothier St, Bellingham, MA 02019",https://www.zillow.com/homedetails/61-Pothier-St-Bellingham-MA-02019/57427583_zpid/
965000,31845000,4,3,2680,62.31,House for sale,"38 Grindstone Ln, Sudbury, MA 01776",https://www.zillow.com/homedetails/38-Grindstone-Ln-Sudbury-MA-01776/57112812_zpid/
619000,20427000,4,2,1766,41.0595,House for sale,"20 Mohawk Rd, Burlington, MA 01803",https://www.zillow.com/homedetails/20-Mohawk-Rd-Burlington-MA-01803/57054967_zpid/
2495000,82335000,5,5,6000,139.5,House for sale,"3R Westminster Cir, Wellesley, MA 02481",https://www.zillow.com/homedetails/3R-Westminster-Cir-Wellesley-MA-02481/184063573_zpid/
539900,17816700,4,3,2172,50.499,House for sale,"29 Tanglewood Dr, Milford, MA 01757",https://www.zillow.com/homedetails/29-Tanglewood-Dr-Milford-MA-01757/56711026_zpid/
299900,9896700,2,1,1040,24.18,House for sale,"164 Agricultural Ave, Rehoboth, MA 02769",https://www.zillow.com/homedetails/164-Agricultural-Ave-Rehoboth-MA-02769/56867756_zpid/
799000,26367000,4,2,2417,56.19525,House for sale,"273 Route 6a, East Sandwich, MA 02537",https://www.zillow.com/homedetails/273-Route-6a-East-Sandwich-MA-02537/55922595_zpid/
525000,17325000,3,2,1536,35.712,House for sale,"40 Harriss Ct, Abington, MA 02351",https://www.zillow.com/homedetails/40-Harriss-Ct-Abington-MA-02351/57145184_zpid/
499900,16496700,2,1,1092,25.389,House for sale,"66 Teal Cir, West Dennis, MA 02670",https://www.zillow.com/homedetails/66-Teal-Cir-West-Dennis-MA-02670/55871535_zpid/
599900,19796700,3,3,2332,54.219,House for sale,"48 Linton Rd, Lynn, MA 01904",https://www.zillow.com/homedetails/48-Linton-Rd-Lynn-MA-01904/56067446_zpid/
575000,18975000,6,4,3168,73.656,Multi-family home for sale,"26-28 Emond St, Northbridge, MA 01534",https://www.zillow.com/homedetails/26-28-Emond-St-Northbridge-MA-01534/2065530909_zpid/
749900,24746700,4,3,2106,48.9645,House for sale,"68 Trowbridge Ln, Shrewsbury, MA 01545",https://www.zillow.com/homedetails/68-Trowbridge-Ln-Shrewsbury-MA-01545/56723635_zpid/
365000,12045000,1,1,1278,29.7135,House for sale,"28 Plain St, Upton, MA 01568",https://www.zillow.com/homedetails/28-Plain-St-Upton-MA-01568/57660656_zpid/
495000,16335000,4,3,2771,64.42575,House for sale,"1 Rice Rd, Millbury, MA 01527",https://www.zillow.com/homedetails/1-Rice-Rd-Millbury-MA-01527/57618658_zpid/
295000,9735000,3,2,1400,32.55,House for sale,"241 Summer St, New Bedford, MA 02740",https://www.zillow.com/homedetails/241-Summer-St-New-Bedford-MA-02740/55999703_zpid/
355000,11715000,3,1,864,20.088,House for sale,"246 Lincoln Rd, Hyannis, MA 02601",https://www.zillow.com/homedetails/246-Lincoln-Rd-Hyannis-MA-02601/55845786_zpid/
275000,9075000,2,1,1175,27.31875,House for sale,"349 Ashmere Rd, Hinsdale, MA 01235",https://www.zillow.com/homedetails/349-Ashmere-Rd-Hinsdale-MA-01235/56801932_zpid/
450000,14850000,3,2,1410,32.7825,House for sale,"85 Tilton Ave, Brockton, MA 02301",https://www.zillow.com/homedetails/85-Tilton-Ave-Brockton-MA-02301/57155864_zpid/
769000,25377000,3,4,2200,51.15,House for sale,"18 Hupi Woods Cir, Monterey, MA 01245",https://www.zillow.com/homedetails/18-Hupi-Woods-Cir-Monterey-MA-01245/56806218_zpid/
1190000,39270000,3,3,2174,50.5455,House for sale,"3 Beverly Rd, Wellesley, MA 02481",https://www.zillow.com/homedetails/3-Beverly-Rd-Wellesley-MA-02481/56619348_zpid/
550000,18150000,4,2,1470,34.1775,House for sale,"213 Prospect Hill Rd, Waltham, MA 02451",https://www.zillow.com/homedetails/213-Prospect-Hill-Rd-Waltham-MA-02451/56361909_zpid/
829900,27386700,4,3,2860,66.495,House for sale,"1 Tara Rd, Peabody, MA 01960",https://www.zillow.com/homedetails/1-Tara-Rd-Peabody-MA-01960/56114643_zpid/
409000,13497000,3,1,1151,26.760749999999998,House for sale,"76 Thorndike St, Revere, MA 02151",https://www.zillow.com/homedetails/76-Thorndike-St-Revere-MA-02151/56678891_zpid/
18800000,620400000,7,6,7200,167.4,House for sale,"108 Cotchpinicut Rd, North Chatham, MA 02650",https://www.zillow.com/homedetails/108-Cotchpinicut-Rd-North-Chatham-MA-02650/56777309_zpid/
429900,14186700,4,2,1918,44.5935,House for sale,"47 Quarry Ln, Fitchburg, MA 01420",https://www.zillow.com/homedetails/47-Quarry-Ln-Fitchburg-MA-01420/71148145_zpid/
299000,9867000,3,2,1094,25.4355,House for sale,"37 Brookline Ave, Feeding Hills, MA 01030",https://www.zillow.com/homedetails/37-Brookline-Ave-Feeding-Hills-MA-01030/56147875_zpid/
859900,28376700,3,3,1652,38.409,House for sale,"11 Robin St, West Roxbury, MA 02132",https://www.zillow.com/homedetails/11-Robin-St-West-Roxbury-MA-02132/59157594_zpid/
500000,16500000,4,2,1850,43.0125,House for sale,"199 Everett St, Middleboro, MA 02346",https://www.zillow.com/homedetails/199-Everett-St-Middleboro-MA-02346/56654377_zpid/
680000,22440000,3,2,1946,45.2445,House for sale,"17 High St, Wakefield, MA 01880",https://www.zillow.com/homedetails/17-High-St-Wakefield-MA-01880/56353359_zpid/
499900,16496700,4,3,2280,53.01,House for sale,"8 Daralyn Ct, Pittsfield, MA 01201",https://www.zillow.com/homedetails/8-Daralyn-Ct-Pittsfield-MA-01201/55940183_zpid/
379900,12536700,3,2,2457,57.12525,House for sale,"221 Bennett Rd, Hampden, MA 01036",https://www.zillow.com/homedetails/221-Bennett-Rd-Hampden-MA-01036/56173873_zpid/
429000,14157000,3,2,1596,37.107,House for sale,"387 Carriage Shop Rd, East Falmouth, MA 02536",https://www.zillow.com/homedetails/387-Carriage-Shop-Rd-East-Falmouth-MA-02536/186894544_zpid/
1725000,56925000,3,3,1564,36.363,House for sale,"181 Morris Island Rd, Chatham, MA 02633",https://www.zillow.com/homedetails/181-Morris-Island-Rd-Chatham-MA-02633/56776916_zpid/
639000,21087000,4,1,1711,39.78075,House for sale,"10 Allen Rd, Waltham, MA 02453",https://www.zillow.com/homedetails/10-Allen-Rd-Waltham-MA-02453/56365309_zpid/
799000,26367000,3,2,2066,48.0345,House for sale,"20 Stratford Rd, Natick, MA 01760",https://www.zillow.com/homedetails/20-Stratford-Rd-Natick-MA-01760/56294109_zpid/
524999,17324967,3,2,1530,35.5725,House for sale,"70 Padlock Ln, Centerville, MA 02632",https://www.zillow.com/homedetails/70-Padlock-Ln-Centerville-MA-02632/55839983_zpid/
569000,18777000,3,2,1200,27.9,House for sale,"1062 Sea St, Quincy, MA 02169",https://www.zillow.com/homedetails/1062-Sea-St-Quincy-MA-02169/56584189_zpid/
624900,20621700,3,2,2073,48.19725,House for sale,"4 Carmel St, Wilmington, MA 01887",https://www.zillow.com/homedetails/4-Carmel-St-Wilmington-MA-01887/57141409_zpid/
99000,3267000,2,1,1032,23.994,House for sale,"2 John St, Adams, MA 01220",https://www.zillow.com/homedetails/2-John-St-Adams-MA-01220/56796724_zpid/
549000,18117000,4,2,2464,57.288,House for sale,"34 Oxford St, Fairhaven, MA 02719",https://www.zillow.com/homedetails/34-Oxford-St-Fairhaven-MA-02719/56836090_zpid/
599000,19767000,3,2,1645,38.246249999999996,House for sale,"59 Cleveland Ave, Braintree, MA 02184",https://www.zillow.com/homedetails/59-Cleveland-Ave-Braintree-MA-02184/184104880_zpid/
324900,10721700,4,4,2160,50.22,Multi-family home for sale,"10 Old Town Ford Way, Westfield, MA 01085",https://www.zillow.com/homedetails/10-Old-Town-Ford-Way-Westfield-MA-01085/193625479_zpid/
739900,24416700,4,4,2744,63.798,House for sale,"10 Hemlock Ln, Tyngsboro, MA 01879",https://www.zillow.com/homedetails/10-Hemlock-Ln-Tyngsboro-MA-01879/57122742_zpid/
409000,13497000,3,2,1792,41.664,House for sale,"34 New Hollywood Blvd, Otis, MA 01253",https://www.zillow.com/homedetails/34-New-Hollywood-Blvd-Otis-MA-01253/200265960_zpid/
1495000,49335000,4,3,2593,60.28725,House for sale,"22 Dewey Ave, Sandwich, MA 02563",https://www.zillow.com/homedetails/22-Dewey-Ave-Sandwich-MA-02563/55924035_zpid/
199000,6567000,6,2,1952,45.384,Multi-family home for sale,"22 Washburn Ave, Warren, MA 01083",https://www.zillow.com/homedetails/22-Washburn-Ave-Warren-MA-01083/57666121_zpid/
399900,13196700,3,1,1040,24.18,House for sale,"14 Christy Ave, Dracut, MA 01826",https://www.zillow.com/homedetails/14-Christy-Ave-Dracut-MA-01826/56454820_zpid/
599900,19796700,4,2,1734,40.3155,Multi-family home for sale,"376 Washington St, East Walpole, MA 02032",https://www.zillow.com/homedetails/376-Washington-St-East-Walpole-MA-02032/57511484_zpid/
875000,28875000,4,3,3509,81.58425,House for sale,"7 Old Village Rd, Acton, MA 01720",https://www.zillow.com/homedetails/7-Old-Village-Rd-Acton-MA-01720/57034082_zpid/
259000,8547000,4,2,1312,30.504,Multi-family home for sale,"318 Ingleside St, Holyoke, MA 01040",https://www.zillow.com/homedetails/318-Ingleside-St-Holyoke-MA-01040/56177628_zpid/
439900,14516700,3,2,1568,36.456,House for sale,"9 Saint James Ave, Haverhill, MA 01830",https://www.zillow.com/homedetails/9-Saint-James-Ave-Haverhill-MA-01830/56048795_zpid/
1675000,55275000,5,5,5043,117.24975,House for sale,"1 Colonial Rd, Dover, MA 02030",https://www.zillow.com/homedetails/1-Colonial-Rd-Dover-MA-02030/57445923_zpid/
559000,18447000,3,2,1557,36.20025,House for sale,"12 Anderson Dr, Marshfield, MA 02050",https://www.zillow.com/homedetails/12-Anderson-Dr-Marshfield-MA-02050/56647316_zpid/
329900,10886700,2,1,1067,24.80775,House for sale,"66 Lowell Rd, Pepperell, MA 01463",https://www.zillow.com/homedetails/66-Lowell-Rd-Pepperell-MA-01463/57097237_zpid/
649900,21446700,3,2,1928,44.826,House for sale,"8 Serena Allen Way, Mansfield, MA 02048",https://www.zillow.com/homedetails/8-Serena-Allen-Way-Mansfield-MA-02048/56848881_zpid/
549900,18146700,3,2,2169,50.429249999999996,House for sale,"455 N Main St, Raynham, MA 02767",https://www.zillow.com/homedetails/455-N-Main-St-Raynham-MA-02767/187161393_zpid/
150000,4950000,4,1,1555,36.15375,House for sale,"440 Mount Hermon Station Rd, Northfield, MA 01360",https://www.zillow.com/homedetails/440-Mount-Hermon-Station-Rd-Northfield-MA-01360/56985543_zpid/
450000,14850000,3,3,1856,43.152,House for sale,"527 N Warren Ave, Brockton, MA 02301",https://www.zillow.com/homedetails/527-N-Warren-Ave-Brockton-MA-02301/57159164_zpid/
599999,19799967,2,3,1811,42.10575,House for sale,"30 Clark Rd, Bourne, MA 02532",https://www.zillow.com/homedetails/30-Clark-Rd-Bourne-MA-02532/186979793_zpid/
1338000,44154000,3,2,2220,51.615,House for sale,"160 Elgin St, Newton, MA 02459",https://www.zillow.com/homedetails/160-Elgin-St-Newton-MA-02459/56536072_zpid/
575000,18975000,3,2,1320,30.69,House for sale,"61 Edgewater Rd, Mashpee, MA 02649",https://www.zillow.com/homedetails/61-Edgewater-Rd-Mashpee-MA-02649/55911491_zpid/
299900,9896700,3,2,1176,27.342,House for sale,"153 South St, Granby, MA 01033",https://www.zillow.com/homedetails/153-South-St-Granby-MA-01033/57013156_zpid/
729000,24057000,5,3,4193,97.48725,House for sale,"604 S Main St, Raynham, MA 02767",https://www.zillow.com/homedetails/604-S-Main-St-Raynham-MA-02767/187158134_zpid/
725000,23925000,4,4,2016,46.872,Multi-family home for sale,"19-21 School St, Westborough, MA 01581",https://www.zillow.com/homedetails/19-21-School-St-Westborough-MA-01581/2065524218_zpid/
499900,16496700,3,2,1260,29.294999999999998,House for sale,"12 Brookline Ave, Lynn, MA 01902",https://www.zillow.com/homedetails/12-Brookline-Ave-Lynn-MA-01902/56076424_zpid/
329000,10857000,3,1,1432,33.294,House for sale,"50 Dudley St, Leominster, MA 01453",https://www.zillow.com/homedetails/50-Dudley-St-Leominster-MA-01453/56705180_zpid/
769000,25377000,3,2,1872,43.524,House for sale,"10 Raymond Way, Eastham, MA 02642",https://www.zillow.com/homedetails/10-Raymond-Way-Eastham-MA-02642/56779644_zpid/
1995000,65835000,4,4,2492,57.939,House for sale,"49 Red Barn Rd, Nantucket, MA 02554",https://www.zillow.com/homedetails/49-Red-Barn-Rd-Nantucket-MA-02554/56544643_zpid/
724900,23921700,3,4,1976,45.942,House for sale,"120 Brandt Island Rd, Mattapoisett, MA 02739",https://www.zillow.com/homedetails/120-Brandt-Island-Rd-Mattapoisett-MA-02739/123120992_zpid/
779000,25707000,3,1,1422,33.0615,House for sale,"172 Durnell Ave, Roslindale, MA 02131",https://www.zillow.com/homedetails/172-Durnell-Ave-Roslindale-MA-02131/59143657_zpid/
699000,23067000,3,2,1656,38.502,House for sale,"20 Southeast St, Eastham, MA 02642",https://www.zillow.com/homedetails/20-Southeast-St-Eastham-MA-02642/56782116_zpid/
645000,21285000,4,3,2080,48.36,House for sale,"6 Wadsworth Rd, Shrewsbury, MA 01545",https://www.zillow.com/homedetails/6-Wadsworth-Rd-Shrewsbury-MA-01545/56719278_zpid/
310000,10230000,2,1,768,17.856,House for sale,"79 Plymouth Ave, East Wareham, MA 02538",https://www.zillow.com/homedetails/79-Plymouth-Ave-East-Wareham-MA-02538/2121586246_zpid/
559888,18476304,3,2,1650,38.3625,House for sale,"46 Bow St, Saugus, MA 01906",https://www.zillow.com/homedetails/46-Bow-St-Saugus-MA-01906/56134283_zpid/
749000,24717000,3,2,1540,35.805,House for sale,"54 Chesbrough Rd, West Roxbury, MA 02132",https://www.zillow.com/homedetails/54-Chesbrough-Rd-West-Roxbury-MA-02132/59158740_zpid/
739900,24416700,3,3,2100,48.825,House for sale,"51 Blue Gill Ln, Plymouth, MA 02360",https://www.zillow.com/homedetails/51-Blue-Gill-Ln-Plymouth-MA-02360/306201400_zpid/
399999,13199967,4,2,1678,39.0135,House for sale,"16 Forest St, Taunton, MA 02780",https://www.zillow.com/homedetails/16-Forest-St-Taunton-MA-02780/56017899_zpid/
365000,12045000,2,2,1260,29.294999999999998,House for sale,"199 E Hill Rd, Leyden, MA 01337",https://www.zillow.com/homedetails/199-E-Hill-Rd-Leyden-MA-01337/56981700_zpid/
275000,9075000,3,1,1368,31.806,House for sale,"10 White Birch Ave, Greenfield, MA 01301",https://www.zillow.com/homedetails/10-White-Birch-Ave-Greenfield-MA-01301/56135480_zpid/
1599000,52767000,5,5,3264,75.888,House for sale,"1717 Canton Ave, Milton, MA 02186",https://www.zillow.com/homedetails/1717-Canton-Ave-Milton-MA-02186/57464486_zpid/
649000,21417000,3,2,2515,58.47375,House for sale,"21 Farley Ave, Ipswich, MA 01938",https://www.zillow.com/homedetails/21-Farley-Ave-Ipswich-MA-01938/56927852_zpid/
899900,29696700,3,2,1702,39.5715,House for sale,"124 Highland Ave, Barnstable, MA 02630",https://www.zillow.com/homedetails/124-Highland-Ave-Barnstable-MA-02630/2065520937_zpid/
379900,12536700,4,2,1945,45.22125,Multi-family home for sale,"717 Somerset Ave, Taunton, MA 02780",https://www.zillow.com/homedetails/717-Somerset-Ave-Taunton-MA-02780/56018722_zpid/
339900,11216700,3,1,971,22.57575,House for sale,"10 White St, Acushnet, MA 02743",https://www.zillow.com/homedetails/10-White-St-Acushnet-MA-02743/56821155_zpid/
599000,19767000,2,2,1432,33.294,House for sale,"7 Peach St, Swansea, MA 02777",https://www.zillow.com/homedetails/7-Peach-St-Swansea-MA-02777/56884710_zpid/
91700,3026100,3,2,980,22.785,New construction,"70201 Plan, Chelmsford Commons",https://www.zillow.com/community/chelmsford-commons/2065724801_zpid/
629900,20786700,4,3,2316,53.847,House for sale,"54 Tellier Way, Dracut, MA 01826",https://www.zillow.com/homedetails/54-Tellier-Way-Dracut-MA-01826/56460404_zpid/
1399999,46199967,3,3,2548,59.241,House for sale,"24 Fairfax Rd, Needham, MA 02492",https://www.zillow.com/homedetails/24-Fairfax-Rd-Needham-MA-02492/57473928_zpid/
1749000,57717000,3,2,1443,33.54975,House for sale,"235 Meetinghouse Way, Edgartown, MA 02539",https://www.zillow.com/homedetails/235-Meetinghouse-Way-Edgartown-MA-02539/56026487_zpid/
275000,9075000,3,1,1482,34.4565,House for sale,"87 Maple St, Greenfield, MA 01301",https://www.zillow.com/homedetails/87-Maple-St-Greenfield-MA-01301/56136504_zpid/
2650000,87450000,4,3,2962,68.8665,House for sale,"6 Bea Ln, West Tisbury, MA 02575",https://www.zillow.com/homedetails/6-Bea-Ln-West-Tisbury-MA-02575/56900936_zpid/
759000,25047000,2,3,2484,57.753,House for sale,"34 Jasons Ln, Osterville, MA 02655",https://www.zillow.com/homedetails/34-Jasons-Ln-Osterville-MA-02655/55854401_zpid/
895000,29535000,8,3,3536,82.212,House for sale,"93 Brett Rd, Monterey, MA 01245",https://www.zillow.com/homedetails/93-Brett-Rd-Monterey-MA-01245/56805973_zpid/
529900,17486700,2,1,936,21.762,House for sale,"28 Spruce Rd, Richmond, MA 01254",https://www.zillow.com/homedetails/28-Spruce-Rd-Richmond-MA-01254/56813317_zpid/
449900,14846700,4,2,1820,42.315,House for sale,"140 Green St, Foxboro, MA 02035",https://www.zillow.com/homedetails/140-Green-St-Foxboro-MA-02035/57450673_zpid/
725000,23925000,4,2,2008,46.686,House for sale,"40 N Hill Dr, North Falmouth, MA 02556",https://www.zillow.com/homedetails/40-N-Hill-Dr-North-Falmouth-MA-02556/55880711_zpid/
724900,23921700,3,2,2192,50.964,House for sale,"619 Randolph St, Weymouth, MA 02190",https://www.zillow.com/homedetails/619-Randolph-St-Weymouth-MA-02190/56635933_zpid/
629900,20786700,3,2,2010,46.7325,House for sale,"26 Bosworth St, Beverly, MA 01915",https://www.zillow.com/homedetails/26-Bosworth-St-Beverly-MA-01915/59229571_zpid/
475000,15675000,3,2,1424,33.108,House for sale,"8 Locust St, Great Barrington, MA 01230",https://www.zillow.com/homedetails/8-Locust-St-Great-Barrington-MA-01230/63439194_zpid/
4400000,145200000,4,5,3840,89.28,House for sale,"40 Seaview St, Chatham, MA 02633",https://www.zillow.com/homedetails/40-Seaview-St-Chatham-MA-02633/56776589_zpid/
619900,20456700,3,2,1721,40.01325,House for sale,"36 Oakdale Rd, Wilmington, MA 01887",https://www.zillow.com/homedetails/36-Oakdale-Rd-Wilmington-MA-01887/57143001_zpid/
18899000,623667000,9,9,12589,292.69425,House for sale,"5 Concord Rd, Weston, MA 02493",https://www.zillow.com/homedetails/5-Concord-Rd-Weston-MA-02493/57135900_zpid/
335000,11055000,3,2,1196,27.807,House for sale,"1 Petersham Rd, Athol, MA 01331",https://www.zillow.com/homedetails/1-Petersham-Rd-Athol-MA-01331/2080108377_zpid/
799000,26367000,3,2,1400,32.55,House for sale,"502 Main St, Hingham, MA 02043",https://www.zillow.com/homedetails/502-Main-St-Hingham-MA-02043/56640753_zpid/
224900,7421700,4,2,1770,41.152499999999996,Multi-family home for sale,"235 Pendleton Ave, Springfield, MA 01109",https://www.zillow.com/homedetails/235-Pendleton-Ave-Springfield-MA-01109/56224852_zpid/
99000,3267000,4,2,2600,60.45,House for sale,"65 Maple St, Spencer, MA 01562",https://www.zillow.com/homedetails/65-Maple-St-Spencer-MA-01562/57646210_zpid/
219900,7256700,3,2,1092,25.389,House for sale,"23 Pleasant St, Orange, MA 01364",https://www.zillow.com/homedetails/23-Pleasant-St-Orange-MA-01364/56141061_zpid/
15000000,495000000,6,9,10309,239.68425,House for sale,"300 Summer St, Westwood, MA 02090",https://www.zillow.com/homedetails/300-Summer-St-Westwood-MA-02090/57515717_zpid/
