0,423200,13965600,3,3,1833,42.61725,House for sale,7681 N 51st Ln Glendale AZ 85301,https://www.zillow.com/homedetails/7681-N-51st-Ln-Glendale-AZ-85301/52425427_zpid/
1,307900,10160700,4,3,1951,45.36075,House for sale,97 E Camino Del Abedul Sahuarita AZ 85629,https://www.zillow.com/homedetails/97-E-Camino-Del-Abedul-Sahuarita-AZ-85629/67136193_zpid/
2,369900,12206700,3,2,1684,39.153,House for sale,42483 W Bunker Dr Maricopa AZ 85138,https://www.zillow.com/homedetails/42483-W-Bunker-Dr-Maricopa-AZ-85138/61000458_zpid/
3,351900,11612700,4,2,1671,38.85075,House for sale,46081 W Tucker Rd Maricopa AZ 85139,https://www.zillow.com/homedetails/46081-W-Tucker-Rd-Maricopa-AZ-85139/67437758_zpid/
4,419900,13856700,3,2,1823,42.38475,House for sale,26201 S Eastlake Dr Sun Lakes AZ 85248,https://www.zillow.com/homedetails/26201-S-Eastlake-Dr-Sun-Lakes-AZ-85248/8222278_zpid/
5,259900,8576700,2,2,1578,36.6885,Townhouse for sale,1148 W Circulo Del Norte Green Valley AZ 85614,https://www.zillow.com/homedetails/1148-W-Circulo-Del-Norte-Green-Valley-AZ-85614/8655692_zpid/
6,339900,11216700,3,3,2358,54.8235,House for sale,6536 S Diablo Dr Tucson AZ 85757,https://www.zillow.com/homedetails/6536-S-Diablo-Dr-Tucson-AZ-85757/299581254_zpid/
7,530900,17519700,3,2,1902,44.2215,House for sale,7814 S 23rd St Phoenix AZ 85042,https://www.zillow.com/homedetails/7814-S-23rd-St-Phoenix-AZ-85042/245242194_zpid/
8,364200,12018600,3,3,1587,36.89775,House for sale,2006 N 77th Gln Phoenix AZ 85035,https://www.zillow.com/homedetails/2006-N-77th-Gln-Phoenix-AZ-85035/82823149_zpid/
9,185000,6105000,3,2,928,21.576,Home for sale,2120 S Calle Pomo Tucson AZ 85735,https://www.zillow.com/homedetails/2120-S-Calle-Pomo-Tucson-AZ-85735/8593467_zpid/
10,485000,16005000,4,3,2426,56.4045,House for sale,19568 W Woodlands Ave Buckeye AZ 85326,https://www.zillow.com/homedetails/19568-W-Woodlands-Ave-Buckeye-AZ-85326/95082327_zpid/
11,325000,10725000,1,1,1157,26.90025,House for sale,2267 W Mule Pass Bisbee AZ 85603,https://www.zillow.com/homedetails/2267-W-Mule-Pass-Bisbee-AZ-85603/71631483_zpid/
12,539000,17787000,3,2,1649,38.33925,House for sale,2485 S Sexton Ranch Rd Cornville AZ 86325,https://www.zillow.com/homedetails/2485-S-Sexton-Ranch-Rd-Cornville-AZ-86325/71342787_zpid/
13,459500,15163500,4,2,2075,48.24375,House for sale,2515 N 106th Ave Avondale AZ 85392,https://www.zillow.com/homedetails/2515-N-106th-Ave-Avondale-AZ-85392/7473575_zpid/
14,550000,18150000,3,2,2264,52.638,House for sale,21190 E Camina Plata Queen Creek AZ 85142,https://www.zillow.com/homedetails/21190-E-Camina-Plata-Queen-Creek-AZ-85142/59260538_zpid/
15,349125,11521125,3,2,1519,35.31675,House for sale,1450 W Taro Ln Phoenix AZ 85027,https://www.zillow.com/homedetails/1450-W-Taro-Ln-Phoenix-AZ-85027/2068066099_zpid/
16,70000,2310000,2,1,1105,25.69125,House for sale,879 County Road 8235 Concho AZ 85924,https://www.zillow.com/homedetails/879-County-Road-8235-Concho-AZ-85924/2067483782_zpid/
17,550000,18150000,3,1,1452,33.759,House for sale,44 Ponderosa Dr Flagstaff AZ 86005,https://www.zillow.com/homedetails/44-Ponderosa-Dr-Flagstaff-AZ-86005/7367131_zpid/
18,224000,7392000,3,2,1189,27.64425,Home for sale,1419 S Palo Verde St Mesa AZ 85209,https://www.zillow.com/homedetails/1419-S-Palo-Verde-St-Mesa-AZ-85209/8075232_zpid/
19,874500,28858500,4,3,2260,52.545,House for sale,455 N Flying Fox Trl Prescott AZ 86303,https://www.zillow.com/homedetails/455-N-Flying-Fox-Trl-Prescott-AZ-86303/71340325_zpid/
20,420000,13860000,3,3,2138,49.7085,House for sale,11571 W Hubbell St Avondale AZ 85392,https://www.zillow.com/homedetails/11571-W-Hubbell-St-Avondale-AZ-85392/8300802_zpid/
21,125000,4125000,3,2,1276,29.667,Home for sale,2000 S Apache Rd Buckeye AZ 85326,https://www.zillow.com/homedetails/2000-S-Apache-Rd-Buckeye-AZ-85326/113980719_zpid/
22,475000,15675000,4,2,1416,32.922,House for sale,3109 E Larkspur Dr Phoenix AZ 85032,https://www.zillow.com/homedetails/3109-E-Larkspur-Dr-Phoenix-AZ-85032/7814941_zpid/
23,475000,15675000,4,3,2552,59.334,House for sale,3102 N 127th Ln Avondale AZ 85392,https://www.zillow.com/homedetails/3102-N-127th-Ln-Avondale-AZ-85392/52957266_zpid/
24,375000,12375000,4,2,1831,42.57075,House for sale,22616 W Solano Dr Buckeye AZ 85326,https://www.zillow.com/homedetails/22616-W-Solano-Dr-Buckeye-AZ-85326/71552003_zpid/
25,579000,19107000,4,3,2447,56.89275,House for sale,8367 W Cherry Hills Dr Peoria AZ 85345,https://www.zillow.com/homedetails/8367-W-Cherry-Hills-Dr-Peoria-AZ-85345/7685227_zpid/
26,550000,18150000,4,2,1901,44.19825,House for sale,620 Highland Ave Prescott AZ 86303,https://www.zillow.com/homedetails/620-Highland-Ave-Prescott-AZ-86303/8741354_zpid/
27,315000,10395000,3,2,1376,31.992,House for sale,3001 W Seldon Ln Phoenix AZ 85051,https://www.zillow.com/homedetails/3001-W-Seldon-Ln-Phoenix-AZ-85051/7750569_zpid/
28,490000,16170000,4,2,1942,45.1515,House for sale,9462 E Osage Ave Mesa AZ 85212,https://www.zillow.com/homedetails/9462-E-Osage-Ave-Mesa-AZ-85212/8228675_zpid/
29,275000,9075000,4,2,2291,53.26575,House for sale,2132 Crestwood Dr Sierra Vista AZ 85635,https://www.zillow.com/homedetails/2132-Crestwood-Dr-Sierra-Vista-AZ-85635/7395772_zpid/
30,347000,11451000,3,2,1592,37.014,House for sale,2533 Bridlewise Ln Bullhead City AZ 86442,https://www.zillow.com/homedetails/2533-Bridlewise-Ln-Bullhead-City-AZ-86442/8347936_zpid/
31,530000,17490000,5,3,3018,70.1685,House for sale,12441 N Copper Queen Way Oro Valley AZ 85755,https://www.zillow.com/homedetails/12441-N-Copper-Queen-Way-Oro-Valley-AZ-85755/8606581_zpid/
32,650000,21450000,3,2,1753,40.75725,House for sale,1942 W Shady Pine Ln Prescott AZ 86305,https://www.zillow.com/homedetails/1942-W-Shady-Pine-Ln-Prescott-AZ-86305/8738190_zpid/
33,335000,11055000,3,2,1725,40.10625,House for sale,4250 E Tohono Way Rimrock AZ 86335,https://www.zillow.com/homedetails/4250-E-Tohono-Way-Rimrock-AZ-86335/8768796_zpid/
34,550000,18150000,3,2,1705,39.64125,House for sale,1106 W Rawhide Ave Gilbert AZ 85233,https://www.zillow.com/homedetails/1106-W-Rawhide-Ave-Gilbert-AZ-85233/55279673_zpid/
35,239000,7887000,3,2,1433,33.31725,House for sale,1695 Sierra Vista Dr Bullhead City AZ 86442,https://www.zillow.com/homedetails/1695-Sierra-Vista-Dr-Bullhead-City-AZ-86442/8350318_zpid/
36,329000,10857000,2,1,720,16.74,House for sale,532 W Frontier St Payson AZ 85541,https://www.zillow.com/homedetails/532-W-Frontier-St-Payson-AZ-85541/7440511_zpid/
37,610000,20130000,4,3,2541,59.07825,House for sale,8745 N Camino De Oeste Tucson AZ 85742,https://www.zillow.com/homedetails/8745-N-Camino-De-Oeste-Tucson-AZ-85742/53206574_zpid/
38,345000,11385000,3,2,1566,36.4095,House for sale,20091 N Pelican Ln Maricopa AZ 85138,https://www.zillow.com/homedetails/20091-N-Pelican-Ln-Maricopa-AZ-85138/111073756_zpid/
39,750000,24750000,3,3,2105,48.94125,House for sale,2015 Shannon Ln Prescott AZ 86305,https://www.zillow.com/homedetails/2015-Shannon-Ln-Prescott-AZ-86305/191259436_zpid/
40,549000,18117000,3,2,1639,38.10675,House for sale,2690 Inca Dr Lake Havasu City AZ 86406,https://www.zillow.com/homedetails/2690-Inca-Dr-Lake-Havasu-City-AZ-86406/8341998_zpid/
41,94500,3118500,3,2,1488,34.596,Home for sale,2600 E Allred Ave #74 Mesa AZ 85204,https://www.zillow.com/homedetails/2600-E-Allred-Ave-74-Mesa-AZ-85204/2065510040_zpid/
42,225000,7425000,3,3,2771,64.42575,Townhouse for sale,27440 N Alma School Pkwy UNIT 139 Scottsdale AZ 85262,https://www.zillow.com/homedetails/27440-N-Alma-School-Pkwy-UNIT-139-Scottsdale-AZ-85262/60962391_zpid/
43,219000,7227000,5,2,1664,38.688,Home for sale,2533 E Piute Ave Phoenix AZ 85050,https://www.zillow.com/homedetails/2533-E-Piute-Ave-Phoenix-AZ-85050/7994604_zpid/
44,624900,20621700,3,3,2121,49.31325,House for sale,12454 N Sunrise Shadow Dr Marana AZ 85658,https://www.zillow.com/homedetails/12454-N-Sunrise-Shadow-Dr-Marana-AZ-85658/97406033_zpid/
45,575000,18975000,5,2,2340,54.405,House for sale,1610 N Kachina Mesa AZ 85203,https://www.zillow.com/homedetails/1610-N-Kachina-Mesa-AZ-85203/7617323_zpid/
46,109000,3597000,2,1,1088,25.296,House for sale,2544 E Calle Charcas Kingman AZ 86409,https://www.zillow.com/homedetails/2544-E-Calle-Charcas-Kingman-AZ-86409/82002301_zpid/
47,480000,15840000,3,3,1431,33.27075,House for sale,3606 W Creedance Blvd Glendale AZ 85310,https://www.zillow.com/homedetails/3606-W-Creedance-Blvd-Glendale-AZ-85310/7931850_zpid/
48,798000,26334000,3,2,2853,66.33225,House for sale,118 Vaquero Vista Ct Tubac AZ 85646,https://www.zillow.com/homedetails/118-Vaquero-Vista-Ct-Tubac-AZ-85646/108316719_zpid/
49,719900,23756700,4,3,2989,69.49425,House for sale,3521 N Bonanza Ave Tucson AZ 85749,https://www.zillow.com/homedetails/3521-N-Bonanza-Ave-Tucson-AZ-85749/8469277_zpid/
50,425000,14025000,3,2,1500,34.875,House for sale,2232 W San Miguel Ave Phoenix AZ 85015,https://www.zillow.com/homedetails/2232-W-San-Miguel-Ave-Phoenix-AZ-85015/7763566_zpid/
51,340000,11220000,5,3,3319,77.16675,House for sale,1940 N Varela Rd Douglas AZ 85607,https://www.zillow.com/homedetails/1940-N-Varela-Rd-Douglas-AZ-85607/61910188_zpid/
52,415000,13695000,3,2,1534,35.6655,House for sale,5087 N Stetson Dr Prescott Valley AZ 86314,https://www.zillow.com/homedetails/5087-N-Stetson-Dr-Prescott-Valley-AZ-86314/8730697_zpid/
53,2699000,89067000,6,5,4342,100.9515,House for sale,11621 E Winchcomb Dr Scottsdale AZ 85255,https://www.zillow.com/homedetails/11621-E-Winchcomb-Dr-Scottsdale-AZ-85255/55268348_zpid/
54,525000,17325000,4,3,2358,54.8235,House for sale,19932 N Lauren Rd Maricopa AZ 85138,https://www.zillow.com/homedetails/19932-N-Lauren-Rd-Maricopa-AZ-85138/331582157_zpid/
55,210000,6930000,3,2,1480,34.41,House for sale,614 W 11th St Casa Grande AZ 85122,https://www.zillow.com/homedetails/614-W-11th-St-Casa-Grande-AZ-85122/8703092_zpid/
56,399000,13167000,3,2,1208,28.086,House for sale,11204 W Alice Ave Peoria AZ 85345,https://www.zillow.com/homedetails/11204-W-Alice-Ave-Peoria-AZ-85345/7696300_zpid/
57,200000,6600000,3,2,1120,26.04,House for sale,403 N Moonlight Dr Parker AZ 85344,https://www.zillow.com/homedetails/403-N-Moonlight-Dr-Parker-AZ-85344/2103806385_zpid/
58,119900,3956700,2,1,1150,26.7375,House for sale,3690 W Gleeson Rd Elfrida AZ 85610,https://www.zillow.com/homedetails/3690-W-Gleeson-Rd-Elfrida-AZ-85610/123853677_zpid/
59,400000,13200000,4,2,1800,41.85,House for sale,7201 E 31st St Tucson AZ 85710,https://www.zillow.com/homedetails/7201-E-31st-St-Tucson-AZ-85710/8545199_zpid/
60,775000,25575000,5,3,3610,83.9325,House for sale,6937 S Kimberlee Way Chandler AZ 85249,https://www.zillow.com/homedetails/6937-S-Kimberlee-Way-Chandler-AZ-85249/59263294_zpid/
61,890000,29370000,4,2,2581,60.00825,House for sale,221 W Sweetwater Ave Phoenix AZ 85029,https://www.zillow.com/homedetails/221-W-Sweetwater-Ave-Phoenix-AZ-85029/7783768_zpid/
62,145000,4785000,3,2,1568,36.456,Home for sale,18240 N 21st St LOT 100 Phoenix AZ 85022,https://www.zillow.com/homedetails/18240-N-21st-St-LOT-100-Phoenix-AZ-85022/2066531780_zpid/
63,334900,11051700,3,2,1257,29.22525,House for sale,11630 N 25th Ave Phoenix AZ 85029,https://www.zillow.com/homedetails/11630-N-25th-Ave-Phoenix-AZ-85029/7749371_zpid/
64,649000,21417000,5,3,3134,72.8655,House for sale,10405 E Calle Descanso Tucson AZ 85749,https://www.zillow.com/homedetails/10405-E-Calle-Descanso-Tucson-AZ-85749/8468512_zpid/
65,499000,16467000,4,3,2855,66.37875,House for sale,21777 N Dietz Dr Maricopa AZ 85138,https://www.zillow.com/homedetails/21777-N-Dietz-Dr-Maricopa-AZ-85138/67431526_zpid/
66,249900,8246700,3,2,1713,39.82725,House for sale,18 Putter Ln Concho AZ 85924,https://www.zillow.com/homedetails/18-Putter-Ln-Concho-AZ-85924/7353013_zpid/
67,315000,10395000,3,3,1661,38.61825,House for sale,480 W Paseo Celestial Sahuarita AZ 85629,https://www.zillow.com/homedetails/480-W-Paseo-Celestial-Sahuarita-AZ-85629/71693462_zpid/
68,775000,25575000,3,3,2693,62.61225,House for sale,1436 E Pedro Rd Phoenix AZ 85042,https://www.zillow.com/homedetails/1436-E-Pedro-Rd-Phoenix-AZ-85042/157727622_zpid/
69,697000,23001000,4,2,2383,55.40475,House for sale,2130 W Ivanhoe St Chandler AZ 85224,https://www.zillow.com/homedetails/2130-W-Ivanhoe-St-Chandler-AZ-85224/8184786_zpid/
70,495000,16335000,3,2,1468,34.131,House for sale,10 Southwester Ln Lake Havasu City AZ 86403,https://www.zillow.com/homedetails/10-Southwester-Ln-Lake-Havasu-City-AZ-86403/8330041_zpid/
71,515000,16995000,3,3,1575,36.61875,House for sale,827 W Leah Ln Gilbert AZ 85233,https://www.zillow.com/homedetails/827-W-Leah-Ln-Gilbert-AZ-85233/8173210_zpid/
72,360000,11880000,4,2,1507,35.03775,House for sale,4242 N 85th Dr Phoenix AZ 85037,https://www.zillow.com/homedetails/4242-N-85th-Dr-Phoenix-AZ-85037/7480362_zpid/
73,1125000,37125000,4,4,3232,75.144,House for sale,17426 W Lamar Rd Waddell AZ 85355,https://www.zillow.com/homedetails/17426-W-Lamar-Rd-Waddell-AZ-85355/82820921_zpid/
74,365000,12045000,3,3,1391,32.34075,House for sale,1750 W Union Hills Dr UNIT 59 Phoenix AZ 85027,https://www.zillow.com/homedetails/1750-W-Union-Hills-Dr-UNIT-59-Phoenix-AZ-85027/52427604_zpid/
75,595000,19635000,3,2,2592,60.264,House for sale,950 W Sherri Dr Gilbert AZ 85233,https://www.zillow.com/homedetails/950-W-Sherri-Dr-Gilbert-AZ-85233/8204156_zpid/
76,475000,15675000,3,3,1834,42.6405,New construction,431 Sedona Dr Lake Havasu City AZ 86403,https://www.zillow.com/homedetails/431-Sedona-Dr-Lake-Havasu-City-AZ-86403/191724429_zpid/
77,249900,8246700,3,2,1507,35.03775,House for sale,1921 W 19th St Yuma AZ 85364,https://www.zillow.com/homedetails/1921-W-19th-St-Yuma-AZ-85364/8813354_zpid/
78,595000,19635000,3,2,1814,42.1755,House for sale,5840 S Kenwood Ln Tempe AZ 85283,https://www.zillow.com/homedetails/5840-S-Kenwood-Ln-Tempe-AZ-85283/8135741_zpid/
79,470000,15510000,3,2,1863,43.31475,House for sale,6204 E 25th Pl Yuma AZ 85365,https://www.zillow.com/homedetails/6204-E-25th-Pl-Yuma-AZ-85365/61797132_zpid/
80,249900,8246700,3,2,1196,27.807,House for sale,3739 E Hampton St Tucson AZ 85716,https://www.zillow.com/homedetails/3739-E-Hampton-St-Tucson-AZ-85716/8497005_zpid/
81,66000,2178000,2,2,1536,35.712,Home for sale,2100 N Trekell Rd #343 Casa Grande AZ 85122,https://www.zillow.com/homedetails/2100-N-Trekell-Rd-343-Casa-Grande-AZ-85122/2065522767_zpid/
82,899000,29667000,3,2,2398,55.7535,House for sale,19339 E Calle De Flores Queen Creek AZ 85142,https://www.zillow.com/homedetails/19339-E-Calle-De-Flores-Queen-Creek-AZ-85142/8245613_zpid/
83,549900,18146700,3,2,1726,40.1295,House for sale,4336 W Siesta Way Laveen AZ 85339,https://www.zillow.com/homedetails/4336-W-Siesta-Way-Laveen-AZ-85339/8129802_zpid/
84,325000,10725000,3,2,1988,46.221,House for sale,601 E 10th St Casa Grande AZ 85122,https://www.zillow.com/homedetails/601-E-10th-St-Casa-Grande-AZ-85122/8707262_zpid/
85,849000,28017000,5,3,3990,92.7675,House for sale,2860 E Palmdale Ln Gilbert AZ 85298,https://www.zillow.com/homedetails/2860-E-Palmdale-Ln-Gilbert-AZ-85298/95150432_zpid/
86,300000,9900000,3,2,1468,34.131,House for sale,7241 E 34th St Tucson AZ 85710,https://www.zillow.com/homedetails/7241-E-34th-St-Tucson-AZ-85710/8545241_zpid/
87,380000,12540000,3,2,1880,43.71,House for sale,12522 N 85th Ave Peoria AZ 85381,https://www.zillow.com/homedetails/12522-N-85th-Ave-Peoria-AZ-85381/7914100_zpid/
88,475000,15675000,4,2,1890,43.9425,House for sale,1176 W Apache Ln Lakeside AZ 85929,https://www.zillow.com/homedetails/1176-W-Apache-Ln-Lakeside-AZ-85929/8418586_zpid/
89,379900,12536700,3,2,1489,34.61925,House for sale,1968 S Hill Top Dr Cottonwood AZ 86326,https://www.zillow.com/homedetails/1968-S-Hill-Top-Dr-Cottonwood-AZ-86326/8777829_zpid/
90,350000,11550000,3,2,1247,28.99275,House for sale,1349 S Quinn Mesa AZ 85206,https://www.zillow.com/homedetails/1349-S-Quinn-Mesa-AZ-85206/7650666_zpid/
91,390000,12870000,3,2,1652,38.409,House for sale,3048 W Acoma Dr Phoenix AZ 85053,https://www.zillow.com/homedetails/3048-W-Acoma-Dr-Phoenix-AZ-85053/7942811_zpid/
92,625000,20625000,4,3,3176,73.842,House for sale,7032 E Hobart St Mesa AZ 85207,https://www.zillow.com/homedetails/7032-E-Hobart-St-Mesa-AZ-85207/8067396_zpid/
93,360000,11880000,3,2,1389,32.29425,House for sale,23088 W Lasso Ln Buckeye AZ 85326,https://www.zillow.com/homedetails/23088-W-Lasso-Ln-Buckeye-AZ-85326/67769321_zpid/
94,81000,2673000,3,2,1608,37.386,Home for sale,44375 Mile High Rd Ash Fork AZ 86320,https://www.zillow.com/homedetails/44375-Mile-High-Rd-Ash-Fork-AZ-86320/2072132690_zpid/
95,530000,17490000,4,5,3000,69.75,House for sale,1178 Avenida Gandara Rio Rico AZ 85648,https://www.zillow.com/homedetails/1178-Avenida-Gandara-Rio-Rico-AZ-85648/8718568_zpid/
96,485000,16005000,5,4,3784,87.978,House for sale,23398 W Hopi St Buckeye AZ 85326,https://www.zillow.com/homedetails/23398-W-Hopi-St-Buckeye-AZ-85326/81986521_zpid/
97,430000,14190000,3,2,1496,34.782,House for sale,15475 W Redfield Rd Surprise AZ 85379,https://www.zillow.com/homedetails/15475-W-Redfield-Rd-Surprise-AZ-85379/67784405_zpid/
98,359999,11879967,3,2,1941,45.12825,House for sale,51 W Via Teresita Sahuarita AZ 85629,https://www.zillow.com/homedetails/51-W-Via-Teresita-Sahuarita-AZ-85629/59833159_zpid/
99,1200000,39600000,3,3,2751,63.96075,House for sale,11144 E Dale Ln Scottsdale AZ 85262,https://www.zillow.com/homedetails/11144-E-Dale-Ln-Scottsdale-AZ-85262/8037896_zpid/
100,325000,10725000,3,2,1076,25.017,House for sale,40564 N Glen Meadows Ln San Tan Valley AZ 85140,https://www.zillow.com/homedetails/40564-N-Glen-Meadows-Ln-San-Tan-Valley-AZ-85140/67434354_zpid/
101,625000,20625000,3,3,2203,51.21975,House for sale,3558 Lucas Ln Chino Valley AZ 86323,https://www.zillow.com/homedetails/3558-Lucas-Ln-Chino-Valley-AZ-86323/67819342_zpid/
102,230000,7590000,3,2,1440,33.48,House for sale,2371 Stallion Rd Bullhead City AZ 86442,https://www.zillow.com/homedetails/2371-Stallion-Rd-Bullhead-City-AZ-86442/8359266_zpid/
103,399900,13196700,3,3,1571,36.52575,House for sale,17034 W Rimrock St Surprise AZ 85388,https://www.zillow.com/homedetails/17034-W-Rimrock-St-Surprise-AZ-85388/67761454_zpid/
104,625000,20625000,4,2,1923,44.70975,House for sale,2648 N Indian Ridge Dr Tucson AZ 85715,https://www.zillow.com/homedetails/2648-N-Indian-Ridge-Dr-Tucson-AZ-85715/8471925_zpid/
105,399900,13196700,4,2,1779,41.36175,House for sale,2032 W Green Tree Dr San Tan Valley AZ 85142,https://www.zillow.com/homedetails/2032-W-Green-Tree-Dr-San-Tan-Valley-AZ-85142/67437202_zpid/
106,225000,7425000,2,2,1344,31.248,Home for sale,6634 W Mary Jane Ln Glendale AZ 85306,https://www.zillow.com/homedetails/6634-W-Mary-Jane-Ln-Glendale-AZ-85306/7901771_zpid/
107,695000,22935000,4,2,2454,57.0555,House for sale,108 E Mesquite Ct Gilbert AZ 85296,https://www.zillow.com/homedetails/108-E-Mesquite-Ct-Gilbert-AZ-85296/8276074_zpid/
108,419900,13856700,3,2,1632,37.944,House for sale,131 Acoma Blvd N Lake Havasu City AZ 86403,https://www.zillow.com/homedetails/131-Acoma-Blvd-N-Lake-Havasu-City-AZ-86403/2065638980_zpid/
109,650000,21450000,3,2,2032,47.244,House for sale,1921 E Greentree Dr Tempe AZ 85284,https://www.zillow.com/homedetails/1921-E-Greentree-Dr-Tempe-AZ-85284/8154733_zpid/
110,260000,8580000,3,2,1541,35.82825,Home for sale,450 W Eleanor Rd Paulden AZ 86334,https://www.zillow.com/homedetails/450-W-Eleanor-Rd-Paulden-AZ-86334/8754783_zpid/
111,640000,21120000,3,3,2191,50.94075,House for sale,16439 E Desert Vista Trl Scottsdale AZ 85262,https://www.zillow.com/homedetails/16439-E-Desert-Vista-Trl-Scottsdale-AZ-85262/284859316_zpid/
112,180000,5940000,3,2,1191,27.69075,Home for sale,16049 S Black Mountain Rd Mayer AZ 86333,https://www.zillow.com/homedetails/16049-S-Black-Mountain-Rd-Mayer-AZ-86333/8785801_zpid/
113,775000,25575000,4,3,3484,81.003,House for sale,1043 N Tambor Cir Mesa AZ 85207,https://www.zillow.com/homedetails/1043-N-Tambor-Cir-Mesa-AZ-85207/67400290_zpid/
114,420000,13860000,4,2,1796,41.757,House for sale,2102 W Berridge Ln Phoenix AZ 85015,https://www.zillow.com/homedetails/2102-W-Berridge-Ln-Phoenix-AZ-85015/7773175_zpid/
115,499000,16467000,4,3,2271,52.80075,House for sale,2829 W Apollo Rd Phoenix AZ 85041,https://www.zillow.com/homedetails/2829-W-Apollo-Rd-Phoenix-AZ-85041/2065608568_zpid/
116,449999,14849967,2,2,1903,44.24475,House for sale,10818 W Brookside Dr Sun City AZ 85351,https://www.zillow.com/homedetails/10818-W-Brookside-Dr-Sun-City-AZ-85351/8092109_zpid/
117,294900,9731700,3,2,1672,38.874,House for sale,9781 E Holden Pl Tucson AZ 85748,https://www.zillow.com/homedetails/9781-E-Holden-Pl-Tucson-AZ-85748/8538036_zpid/
118,235000,7755000,2,2,1169,27.17925,House for sale,263 Decatur Cir Oracle AZ 85623,https://www.zillow.com/homedetails/263-Decatur-Cir-Oracle-AZ-85623/8693445_zpid/
119,275000,9075000,3,2,1344,31.248,Home for sale,7925 E Iran Ave Mesa AZ 85209,https://www.zillow.com/homedetails/7925-E-Iran-Ave-Mesa-AZ-85209/8075890_zpid/
120,269900,8906700,3,2,1700,39.525,House for sale,2280 E Leroy Ave Kingman AZ 86409,https://www.zillow.com/homedetails/2280-E-Leroy-Ave-Kingman-AZ-86409/8385143_zpid/
121,519900,17156700,4,2,1985,46.15125,House for sale,6515 W Range Mule Dr Phoenix AZ 85083,https://www.zillow.com/homedetails/6515-W-Range-Mule-Dr-Phoenix-AZ-85083/7925815_zpid/
122,599000,19767000,2,2,1644,38.223,House for sale,4179 Bucking Horse Trl Pinetop AZ 85935,https://www.zillow.com/homedetails/4179-Bucking-Horse-Trl-Pinetop-AZ-85935/108275861_zpid/
123,89000,2937000,1,1,400,9.3,House for sale,40850 N Stagecoach Blvd Ash Fork AZ 86320,https://www.zillow.com/homedetails/40850-N-Stagecoach-Blvd-Ash-Fork-AZ-86320/2068841770_zpid/
124,299000,9867000,4,2,1642,38.1765,House for sale,79 W James Wade Pl Vail AZ 85641,https://www.zillow.com/homedetails/79-W-James-Wade-Pl-Vail-AZ-85641/67136872_zpid/
125,1400000,46200000,4,3,3481,80.93325,House for sale,11238 N 117th St Scottsdale AZ 85259,https://www.zillow.com/homedetails/11238-N-117th-St-Scottsdale-AZ-85259/8051463_zpid/
126,579900,19136700,3,3,2034,47.2905,House for sale,3104 Secret Pass Canyon Dr Bullhead City AZ 86429,https://www.zillow.com/homedetails/3104-Secret-Pass-Canyon-Dr-Bullhead-City-AZ-86429/81998682_zpid/
127,99000,3267000,4,2,1536,35.712,Home for sale,1111 E Limberlost Dr #124 Tucson AZ 85719,https://www.zillow.com/homedetails/1111-E-Limberlost-Dr-124-Tucson-AZ-85719/2065511715_zpid/
128,64900,2141700,2,1,600,13.95,Home for sale,1250 E Bell Rd #43 Phoenix AZ 85022,https://www.zillow.com/homedetails/1250-E-Bell-Rd-43-Phoenix-AZ-85022/2065595238_zpid/
129,475000,15675000,2,2,1137,26.43525,House for sale,7507 E Polk St Scottsdale AZ 85257,https://www.zillow.com/homedetails/7507-E-Polk-St-Scottsdale-AZ-85257/7582349_zpid/
130,275000,9075000,2,2,1304,30.318,House for sale,8889 E Rose Tree St Tucson AZ 85730,https://www.zillow.com/homedetails/8889-E-Rose-Tree-St-Tucson-AZ-85730/8555543_zpid/
131,824900,27221700,3,2,2387,55.49775,House for sale,1890 E Tradition Ln Lake Havasu City AZ 86404,https://www.zillow.com/homedetails/1890-E-Tradition-Ln-Lake-Havasu-City-AZ-86404/67815044_zpid/
132,720000,23760000,5,3,3135,72.88875,House for sale,5043 W Harrison St Chandler AZ 85226,https://www.zillow.com/homedetails/5043-W-Harrison-St-Chandler-AZ-85226/8262440_zpid/
133,595000,19635000,4,2,2125,49.40625,House for sale,2055 E Encanto St Mesa AZ 85213,https://www.zillow.com/homedetails/2055-E-Encanto-St-Mesa-AZ-85213/7635663_zpid/
134,259000,8547000,2,2,1363,31.68975,House for sale,5025 E Eastland St Tucson AZ 85711,https://www.zillow.com/homedetails/5025-E-Eastland-St-Tucson-AZ-85711/8511824_zpid/
135,250000,8250000,4,2,1904,44.268,Home for sale,13420 E Carolyn Beach Ct Vail AZ 85641,https://www.zillow.com/homedetails/13420-E-Carolyn-Beach-Ct-Vail-AZ-85641/55213082_zpid/
136,220000,7260000,3,2,1008,23.436,House for sale,8720 W Milligan Rd Arizona City AZ 85123,https://www.zillow.com/homedetails/8720-W-Milligan-Rd-Arizona-City-AZ-85123/8699012_zpid/
137,1285000,42405000,3,3,1735,40.33875,House for sale,545 Panorama Blvd Sedona AZ 86336,https://www.zillow.com/homedetails/545-Panorama-Blvd-Sedona-AZ-86336/8782316_zpid/
138,42000,1386000,1,1,520,12.09,House for sale,33138 W Frontera Rd Seligman AZ 86337,https://www.zillow.com/homedetails/33138-W-Frontera-Rd-Seligman-AZ-86337/67812956_zpid/
139,450000,14850000,3,3,2068,48.081,House for sale,19794 W Lincoln St Buckeye AZ 85326,https://www.zillow.com/homedetails/19794-W-Lincoln-St-Buckeye-AZ-85326/95086171_zpid/
140,332000,10956000,3,2,1296,30.132,House for sale,2242 W Morningside Dr Phoenix AZ 85023,https://www.zillow.com/homedetails/2242-W-Morningside-Dr-Phoenix-AZ-85023/2066659964_zpid/
141,130000,4290000,3,2,2048,47.616,Home for sale,161 County Road 6473 Saint Johns AZ 85936,https://www.zillow.com/homedetails/161-County-Road-6473-Saint-Johns-AZ-85936/2065756068_zpid/
142,350000,11550000,2,1,798,18.5535,House for sale,1116 S Holbrook Ln Tempe AZ 85281,https://www.zillow.com/homedetails/1116-S-Holbrook-Ln-Tempe-AZ-85281/7585907_zpid/
143,350000,11550000,3,3,2444,56.823,House for sale,15751 W Cota Rd Arivaca AZ 85601,https://www.zillow.com/homedetails/15751-W-Cota-Rd-Arivaca-AZ-85601/2129815220_zpid/
144,480000,15840000,3,2,1630,37.8975,House for sale,4491 E Walnut Rd Gilbert AZ 85298,https://www.zillow.com/homedetails/4491-E-Walnut-Rd-Gilbert-AZ-85298/25776920_zpid/
145,395000,13035000,4,2,2151,50.01075,House for sale,1377 E Racine Dr Casa Grande AZ 85122,https://www.zillow.com/homedetails/1377-E-Racine-Dr-Casa-Grande-AZ-85122/82240148_zpid/
146,475500,15691500,3,3,1949,45.31425,House for sale,15879 W Tasha Dr Surprise AZ 85374,https://www.zillow.com/homedetails/15879-W-Tasha-Dr-Surprise-AZ-85374/8302441_zpid/
147,600000,19800000,3,2,2671,62.10075,House for sale,18193 W Las Cruces Dr Goodyear AZ 85338,https://www.zillow.com/homedetails/18193-W-Las-Cruces-Dr-Goodyear-AZ-85338/60991791_zpid/
148,220000,7260000,4,2,2304,53.568,Home for sale,3871 E Lum Ave Kingman AZ 86409,https://www.zillow.com/homedetails/3871-E-Lum-Ave-Kingman-AZ-86409/8381829_zpid/
149,119000,3927000,0,0,1900,44.175,House for sale,419 E Alsdorf Rd Eloy AZ 85131,https://www.zillow.com/homedetails/419-E-Alsdorf-Rd-Eloy-AZ-85131/306015925_zpid/
150,199500,6583500,4,2,1705,39.64125,House for sale,1233 Paseo Chubasco Rio Rico AZ 85648,https://www.zillow.com/homedetails/1233-Paseo-Chubasco-Rio-Rico-AZ-85648/8721587_zpid/
151,240000,7920000,3,2,1414,32.8755,Home for sale,2387 S Hill View Cir Cottonwood AZ 86326,https://www.zillow.com/homedetails/2387-S-Hill-View-Cir-Cottonwood-AZ-86326/67813533_zpid/
152,460000,15180000,2,2,1504,34.968,House for sale,6363 E Placita Divina Tucson AZ 85750,https://www.zillow.com/homedetails/6363-E-Placita-Divina-Tucson-AZ-85750/8462737_zpid/
153,839900,27716700,4,2,2956,68.727,House for sale,6061 W Lone Cactus Dr Glendale AZ 85308,https://www.zillow.com/homedetails/6061-W-Lone-Cactus-Dr-Glendale-AZ-85308/7887902_zpid/
154,350000,11550000,4,4,2907,67.58775,House for sale,5731 Pleasant Ln Winslow AZ 86047,https://www.zillow.com/homedetails/5731-Pleasant-Ln-Winslow-AZ-86047/8394266_zpid/
155,419900,13856700,3,2,1761,40.94325,House for sale,640 Silver Springs Cir Cottonwood AZ 86326,https://www.zillow.com/homedetails/640-Silver-Springs-Cir-Cottonwood-AZ-86326/49454883_zpid/
156,199900,6596700,2,3,1032,23.994,House for sale,204 E Fremont St Tombstone AZ 85638,https://www.zillow.com/homedetails/204-E-Fremont-St-Tombstone-AZ-85638/2097739641_zpid/
157,390000,12870000,3,2,1630,37.8975,House for sale,8094 W Beck Ln Peoria AZ 85382,https://www.zillow.com/homedetails/8094-W-Beck-Ln-Peoria-AZ-85382/67763137_zpid/
158,339000,11187000,3,2,1601,37.22325,House for sale,7160 E Cherrywood St Tucson AZ 85756,https://www.zillow.com/homedetails/7160-E-Cherrywood-St-Tucson-AZ-85756/82013182_zpid/
159,485000,16005000,4,2,1795,41.73375,House for sale,21202 W Palm Ln Buckeye AZ 85396,https://www.zillow.com/homedetails/21202-W-Palm-Ln-Buckeye-AZ-85396/240306393_zpid/
160,345000,11385000,3,2,1909,44.38425,House for sale,340 W Lindbergh Ave Coolidge AZ 85128,https://www.zillow.com/homedetails/340-W-Lindbergh-Ave-Coolidge-AZ-85128/8685320_zpid/
161,285000,9405000,3,2,1133,26.34225,House for sale,8466 S Burien Rd Tucson AZ 85747,https://www.zillow.com/homedetails/8466-S-Burien-Rd-Tucson-AZ-85747/55210461_zpid/
162,175000,5775000,3,2,1404,32.643,House for sale,678 E Post Rd Benson AZ 85602,https://www.zillow.com/homedetails/678-E-Post-Rd-Benson-AZ-85602/7411083_zpid/
163,830000,27390000,3,3,2412,56.079,House for sale,3952 N Arboles Cir Mesa AZ 85207,https://www.zillow.com/homedetails/3952-N-Arboles-Cir-Mesa-AZ-85207/60982698_zpid/
164,155000,5115000,3,2,1508,35.061,House for sale,36338 Margaret St Wellton AZ 85356,https://www.zillow.com/homedetails/36338-Margaret-St-Wellton-AZ-85356/71336168_zpid/
165,160000,5280000,3,2,1215,28.24875,Home for sale,3235 W Desierto Dr #8 Eloy AZ 85131,https://www.zillow.com/homedetails/3235-W-Desierto-Dr-8-Eloy-AZ-85131/2066612507_zpid/
166,365000,12045000,2,2,1060,24.645,House for sale,14380 N Copperstone Dr Oro Valley AZ 85755,https://www.zillow.com/homedetails/14380-N-Copperstone-Dr-Oro-Valley-AZ-85755/8616117_zpid/
167,429000,14157000,3,2,1436,33.387,House for sale,570 Pueblo Dr Lake Havasu City AZ 86406,https://www.zillow.com/homedetails/570-Pueblo-Dr-Lake-Havasu-City-AZ-86406/8334957_zpid/
168,245000,8085000,3,2,1766,41.0595,Foreclosure,2644 E Philip Cir Fort Mohave AZ 86426,https://www.zillow.com/homedetails/2644-E-Philip-Cir-Fort-Mohave-AZ-86426/61816826_zpid/
169,185000,6105000,3,2,1069,24.85425,House for sale,2344 E McVicar Ave Kingman AZ 86409,https://www.zillow.com/homedetails/2344-E-McVicar-Ave-Kingman-AZ-86409/8384954_zpid/
170,585000,19305000,4,4,2250,52.3125,House for sale,5826 W Puget Ave Glendale AZ 85302,https://www.zillow.com/homedetails/5826-W-Puget-Ave-Glendale-AZ-85302/7733287_zpid/
171,625000,20625000,3,2,2082,48.4065,House for sale,41329 N Laurel Valley Ct Anthem AZ 85086,https://www.zillow.com/homedetails/41329-N-Laurel-Valley-Ct-Anthem-AZ-85086/59269308_zpid/
172,550000,18150000,4,3,2254,52.4055,House for sale,4020 N Van Nuys Rd Kingman AZ 86409,https://www.zillow.com/homedetails/4020-N-Van-Nuys-Rd-Kingman-AZ-86409/104009507_zpid/
173,399900,13196700,2,2,1284,29.853,House for sale,1509 N Apache Dr Chandler AZ 85224,https://www.zillow.com/homedetails/1509-N-Apache-Dr-Chandler-AZ-85224/8194286_zpid/
174,300000,9900000,2,2,997,23.18025,Apartment for sale,3830 E Lakewood Pkwy #1163 Phoenix AZ 85048,https://www.zillow.com/homedetails/3830-E-Lakewood-Pkwy-1163-Phoenix-AZ-85048/68540559_zpid/
175,610000,20130000,3,3,2452,57.009,House for sale,1917 E Parkside Ln Phoenix AZ 85024,https://www.zillow.com/homedetails/1917-E-Parkside-Ln-Phoenix-AZ-85024/61629121_zpid/
176,486000,16038000,3,2,1855,43.12875,House for sale,661 S Rock Ridge Dr Show Low AZ 85901,https://www.zillow.com/homedetails/661-S-Rock-Ridge-Dr-Show-Low-AZ-85901/88797182_zpid/
177,849000,28017000,4,3,3084,71.703,House for sale,40117 N Hickok Trl Phoenix AZ 85086,https://www.zillow.com/homedetails/40117-N-Hickok-Trl-Phoenix-AZ-85086/60980345_zpid/
178,436000,14388000,3,2,1152,26.784,House for sale,11616 N 58th Ave Glendale AZ 85304,https://www.zillow.com/homedetails/11616-N-58th-Ave-Glendale-AZ-85304/7737643_zpid/
179,99000,3267000,3,1,1188,27.621,House for sale,636 W Nevada Pl Cochise AZ 85606,https://www.zillow.com/homedetails/636-W-Nevada-Pl-Cochise-AZ-85606/7414732_zpid/
