225000,7425000,3,1,1864,43.338,House for sale,"238 Osier Valley Ln, Saint Maries, ID 83861",https://www.zillow.com/homedetails/238-Osier-Valley-Ln-Saint-Maries-ID-83861/113855084_zpid/
389900,12866700,3,2,1110,25.8075,Active,"13350 W Pinyon St, Boise, ID 83713",https://www.zillow.com/homedetails/13350-W-Pinyon-St-Boise-ID-83713/79671343_zpid/
249900,8246700,3,1,1278,29.7135,Active,"1109 Blaine St, Caldwell, ID 83605",https://www.zillow.com/homedetails/1109-Blaine-St-Caldwell-ID-83605/72326515_zpid/
330000,10890000,4,2,2193,50.98725,House for sale,"91 N University Ave, Blackfoot, ID 83221",https://www.zillow.com/homedetails/91-N-University-Ave-Blackfoot-ID-83221/113282635_zpid/
530000,17490000,4,3,1915,44.52375,Active,"2427 S Brandys Jewel Ave, Meridian, ID 83642",https://www.zillow.com/homedetails/2427-S-Brandys-Jewel-Ave-Meridian-ID-83642/79705657_zpid/
629000,20757000,3,2,1536,35.712,Active,"451 Smitty Ave, McCall, ID 83638",https://www.zillow.com/homedetails/451-Smitty-Ave-McCall-ID-83638/115548729_zpid/
350000,11550000,3,2,1122,26.0865,New,"142 N Jefferson St, Nampa, ID 83651",https://www.zillow.com/homedetails/142-N-Jefferson-St-Nampa-ID-83651/72356010_zpid/
399900,13196700,3,2,1622,37.7115,Active,"338 Sherwood Rd, Middleton, ID 83644",https://www.zillow.com/homedetails/338-Sherwood-Rd-Middleton-ID-83644/72337586_zpid/
500000,16500000,4,3,2027,47.12775,Active,"4721 S Silvermaple Ave, Boise, ID 83709",https://www.zillow.com/homedetails/4721-S-Silvermaple-Ave-Boise-ID-83709/79635035_zpid/
539900,17816700,4,3,2096,48.732,Active,"2385 W Baystone Dr, Meridian, ID 83646",https://www.zillow.com/homedetails/2385-W-Baystone-Dr-Meridian-ID-83646/79601525_zpid/
439900,14516700,3,2,1664,38.688,Active,"562 Castle Rock Ave, Middleton, ID 83644",https://www.zillow.com/homedetails/562-Castle-Rock-Ave-Middleton-ID-83644/72306197_zpid/
259000,8547000,4,2,1891,43.96575,House for sale,"610 H St, Idaho Falls, ID 83402",https://www.zillow.com/homedetails/610-H-St-Idaho-Falls-ID-83402/76907570_zpid/
550000,18150000,3,2,2262,52.591499999999996,Active,"944 W Locust Ln, Nampa, ID 83686",https://www.zillow.com/homedetails/944-W-Locust-Ln-Nampa-ID-83686/72314513_zpid/
514900,16991700,4,3,2025,47.08125,Active,"2789 E Rhyolite Ct, Nampa, ID 83686",https://www.zillow.com/homedetails/2789-E-Rhyolite-Ct-Nampa-ID-83686/198318129_zpid/
629000,20757000,4,4,2573,59.82225,House for sale,"815 E Cloverleaf Dr, Hayden Lake, ID 83835",https://www.zillow.com/homedetails/815-E-Cloverleaf-Dr-Hayden-Lake-ID-83835/113157147_zpid/
444900,14681700,4,2,1988,46.221,Active,"781 Pringle Rd, Weiser, ID 83672",https://www.zillow.com/homedetails/781-Pringle-Rd-Weiser-ID-83672/248971178_zpid/
499900,16496700,4,3,1958,45.5235,House for sale,"6920 N Epervier Ln, Coeur D Alene, ID 83815",https://www.zillow.com/homedetails/6920-N-Epervier-Ln-Coeur-D-Alene-ID-83815/113109508_zpid/
519900,17156700,3,1,1555,36.15375,Active,"26 Pine Heights Dr, Boise, ID 83716",https://www.zillow.com/homedetails/26-Pine-Heights-Dr-Boise-ID-83716/119604221_zpid/
323000,10659000,3,2,1861,43.26825,House for sale,"1602 Sierra Dr, Pocatello, ID 83201",https://www.zillow.com/homedetails/1602-Sierra-Dr-Pocatello-ID-83201/113850381_zpid/
299900,9896700,3,1,1280,29.759999999999998,Active,"612 13th Ave N, Nampa, ID 83687",https://www.zillow.com/homedetails/612-13th-Ave-N-Nampa-ID-83687/72334623_zpid/
449900,14846700,3,2,1192,27.714,Active,"10398 W Landmark Ct, Boise, ID 83704",https://www.zillow.com/homedetails/10398-W-Landmark-Ct-Boise-ID-83704/79702005_zpid/
885000,29205000,4,3,2646,61.5195,Active,"3738 Highway 95, Parma, ID 83660",https://www.zillow.com/homedetails/3738-Highway-95-Parma-ID-83660/96906225_zpid/
699000,23067000,3,2,1449,33.68925,House for sale,"11983 Dufort Rd, Priest River, ID 83856",https://www.zillow.com/homedetails/11983-Dufort-Rd-Priest-River-ID-83856/306255879_zpid/
339900,11216700,3,2,1447,33.64275,Active,"611 S Utah Ave, Fruitland, ID 83619",https://www.zillow.com/homedetails/611-S-Utah-Ave-Fruitland-ID-83619/96904104_zpid/
339000,11187000,3,2,1228,28.551,New,"50 S Honey Dr, Nampa, ID 83687",https://www.zillow.com/homedetails/50-S-Honey-Dr-Nampa-ID-83687/72370506_zpid/
610000,20130000,6,4,3846,89.4195,House for sale,"2710 Eastview Dr, Idaho Falls, ID 83401",https://www.zillow.com/homedetails/2710-Eastview-Dr-Idaho-Falls-ID-83401/76923446_zpid/
750000,24750000,3,3,2130,49.5225,Active,"5135 W Waterwheel Ct, Boise, ID 83703",https://www.zillow.com/homedetails/5135-W-Waterwheel-Ct-Boise-ID-83703/72683948_zpid/
409990,13529670,4,2,1419,32.99175,Active,"2207 W Mountain Pointe Ct, Nampa, ID 83651",https://www.zillow.com/homedetails/2207-W-Mountain-Pointe-Ct-Nampa-ID-83651/72341888_zpid/
949900,31346700,6,4,3888,90.396,Active,"24747 Barbara Ln, Caldwell, ID 83607",https://www.zillow.com/homedetails/24747-Barbara-Ln-Caldwell-ID-83607/72326527_zpid/
415000,13695000,3,2,2068,48.081,Active,"316 16th Ave S, Nampa, ID 83651",https://www.zillow.com/homedetails/316-16th-Ave-S-Nampa-ID-83651/72363319_zpid/
225000,7425000,2,1,1196,27.807,Active,"329 W Main St, Emmett, ID 83617",https://www.zillow.com/homedetails/329-W-Main-St-Emmett-ID-83617/228897608_zpid/
529000,17457000,3,2,1687,39.22275,Active,"2829 E Deerhill Dr, Meridian, ID 83642",https://www.zillow.com/homedetails/2829-E-Deerhill-Dr-Meridian-ID-83642/83174671_zpid/
275000,9075000,3,2,1304,30.318,House for sale,"239 Abraham St, Pocatello, ID 83202",https://www.zillow.com/homedetails/239-Abraham-St-Pocatello-ID-83202/222796431_zpid/
949900,31346700,5,4,3210,74.6325,New,"3875 W Wapoot St, Meridian, ID 83646",https://www.zillow.com/homedetails/3875-W-Wapoot-St-Meridian-ID-83646/239901253_zpid/
467900,15440700,3,2,1402,32.5965,Active,"1797 E Kamay Dr, Meridian, ID 83646",https://www.zillow.com/homedetails/1797-E-Kamay-Dr-Meridian-ID-83646/79701177_zpid/
60000,1980000,2,2,924,21.483,Home for sale,"1130 Bingham Ave, Idaho Falls, ID 83402",https://www.zillow.com/homedetails/1130-Bingham-Ave-Idaho-Falls-ID-83402/94748913_zpid/
899950,29698350,5,3,3334,77.5155,Active,"7624 S Wagons View Ave, Boise, ID 83716",https://www.zillow.com/homedetails/7624-S-Wagons-View-Ave-Boise-ID-83716/303844309_zpid/
560500,18496500,4,2,2128,49.476,Home for sale,"4225 Moffatt, Tetonia, ID 83452",https://www.zillow.com/homedetails/4225-Moffatt-Tetonia-ID-83452/2077256867_zpid/
555000,18315000,5,3,2669,62.054249999999996,New,"3381 N Campton Way, Boise, ID 83713",https://www.zillow.com/homedetails/3381-N-Campton-Way-Boise-ID-83713/72688667_zpid/
275000,9075000,3,3,2104,48.918,House for sale,"660 W Sexton St, Blackfoot, ID 83221",https://www.zillow.com/homedetails/660-W-Sexton-St-Blackfoot-ID-83221/113283179_zpid/
299999,9899967,3,1,1650,38.3625,Active,"157 Walker Ln, Kooskia, ID 83539",https://www.zillow.com/homedetails/157-Walker-Ln-Kooskia-ID-83539/115522521_zpid/
875000,28875000,3,2,1944,45.198,House for sale,"171 Star Rd, Bonners Ferry, ID 83805",https://www.zillow.com/homedetails/171-Star-Rd-Bonners-Ferry-ID-83805/104621588_zpid/
739999,24419967,5,4,3006,69.8895,Active,"2805 Evening Sun Dr, Twin Falls, ID 83301",https://www.zillow.com/homedetails/2805-Evening-Sun-Dr-Twin-Falls-ID-83301/218358359_zpid/
159900,5276700,3,2,1135,26.388749999999998,Active,"700 E Fairview Ave TRAILER 137, Meridian, ID 83642",https://www.zillow.com/homedetails/700-E-Fairview-Ave-TRAILER-137-Meridian-ID-83642/190077847_zpid/
478000,15774000,6,3,2568,59.706,House for sale,"1154 Portal Stone Dr, Idaho Falls, ID 83401",https://www.zillow.com/homedetails/1154-Portal-Stone-Dr-Idaho-Falls-ID-83401/2065528161_zpid/
349000,11517000,2,1,1861,43.26825,Active,"31151 Diana Dr, Kendrick, ID 83537",https://www.zillow.com/homedetails/31151-Diana-Dr-Kendrick-ID-83537/110325482_zpid/
1499900,49496700,3,3,3060,71.145,Active,"10510 Ryken Meadows Ln, Star, ID 83669",https://www.zillow.com/homedetails/10510-Ryken-Meadows-Ln-Star-ID-83669/2065530247_zpid/
689000,22737000,5,3,3204,74.493,House for sale,"11246 N 95 E, Idaho Falls, ID 83401",https://www.zillow.com/homedetails/11246-N-95-E-Idaho-Falls-ID-83401/304180355_zpid/
964900,31841700,4,3,2792,64.914,Active,"6160 W Braveheart St, Eagle, ID 83616",https://www.zillow.com/homedetails/6160-W-Braveheart-St-Eagle-ID-83616/124436323_zpid/
248500,8200500,2,2,1696,39.432,New,"1416 Addison Ave E, Twin Falls, ID 83301",https://www.zillow.com/homedetails/1416-Addison-Ave-E-Twin-Falls-ID-83301/111269640_zpid/
875000,28875000,6,4,3550,82.5375,House for sale,"609 S Riverside Harbor Dr, Post Falls, ID 83854",https://www.zillow.com/homedetails/609-S-Riverside-Harbor-Dr-Post-Falls-ID-83854/113149977_zpid/
1750000,57750000,5,4,7009,162.95925,House for sale,"342 N 4456 E, Rigby, ID 83442",https://www.zillow.com/homedetails/342-N-4456-E-Rigby-ID-83442/117914043_zpid/
825000,27225000,5,3,1304,30.318,House for sale,"16068 N Radian Rd, Rathdrum, ID 83858",https://www.zillow.com/homedetails/16068-N-Radian-Rd-Rathdrum-ID-83858/113113799_zpid/
429000,14157000,3,1,1064,24.738,Active,"1322 W Melrose St, Boise, ID 83706",https://www.zillow.com/homedetails/1322-W-Melrose-St-Boise-ID-83706/79606467_zpid/
414900,13691700,3,2,1502,34.9215,Active,"2216 W Neilscott Dr, Nampa, ID 83651",https://www.zillow.com/homedetails/2216-W-Neilscott-Dr-Nampa-ID-83651/89246624_zpid/
659900,21776700,4,3,2620,60.915,Active,"5500 N Beaham Ave, Meridian, ID 83646",https://www.zillow.com/homedetails/5500-N-Beaham-Ave-Meridian-ID-83646/79667957_zpid/
360000,11880000,4,3,1988,46.221,House for sale,"2205 Hiskey St, Pocatello, ID 83201",https://www.zillow.com/homedetails/2205-Hiskey-St-Pocatello-ID-83201/113849120_zpid/
570000,18810000,5,3,2337,54.33525,New,"3215 S Jupiter Ave, Boise, ID 83709",https://www.zillow.com/homedetails/3215-S-Jupiter-Ave-Boise-ID-83709/79665246_zpid/
525000,17325000,4,3,1735,40.33875,Active,"484 N Nebula Ave, Star, ID 83669",https://www.zillow.com/homedetails/484-N-Nebula-Ave-Star-ID-83669/79606331_zpid/
549999,18149967,3,2,2250,52.3125,House for sale,"6170 W Van Buren St, Spirit Lake, ID 83869",https://www.zillow.com/homedetails/6170-W-Van-Buren-St-Spirit-Lake-ID-83869/113144996_zpid/
255000,8415000,2,1,1150,26.7375,House for sale,"36 Blue Camas Rd, Salmon, ID 83467",https://www.zillow.com/homedetails/36-Blue-Camas-Rd-Salmon-ID-83467/104649976_zpid/
1050000,34650000,3,3,2433,56.56725,Active,"3818 S Harris Ranch Ave, Boise, ID 83716",https://www.zillow.com/homedetails/3818-S-Harris-Ranch-Ave-Boise-ID-83716/249554702_zpid/
849000,28017000,4,4,1351,31.41075,House for sale,"2536 E Harrison Ave, Coeur D Alene, ID 83814",https://www.zillow.com/homedetails/2536-E-Harrison-Ave-Coeur-D-Alene-ID-83814/113134345_zpid/
234900,7751700,2,2,1392,32.364,Active,"612 5th St, Lewiston, ID 83501",https://www.zillow.com/homedetails/612-5th-St-Lewiston-ID-83501/110319490_zpid/
1299000,42867000,4,3,2975,69.16875,Active,"2601 N Synergy Ave, Eagle, ID 83616",https://www.zillow.com/homedetails/2601-N-Synergy-Ave-Eagle-ID-83616/336013704_zpid/
119900,3956700,2,1,672,15.624,House for sale,"302-5 School St, Hope, ID 83836",https://www.zillow.com/homedetails/302-5-School-St-Hope-ID-83836/2065811924_zpid/
299000,9867000,3,1,1344,31.248,House for sale,"306 N 2600 E, Saint Anthony, ID 83445",https://www.zillow.com/homedetails/306-N-2600-E-Saint-Anthony-ID-83445/248799859_zpid/
679900,22436700,3,2,2079,48.33675,New,"2205 N Aronmink Way, Meridian, ID 83646",https://www.zillow.com/homedetails/2205-N-Aronmink-Way-Meridian-ID-83646/79670518_zpid/
200000,6600000,2,2,920,21.39,Townhouse for sale,"1445 Vega Cir #4, Idaho Falls, ID 83402",https://www.zillow.com/homedetails/1445-Vega-Cir-4-Idaho-Falls-ID-83402/111259566_zpid/
150000,4950000,3,2,1200,27.9,Active,"445 S Maple Grove Rd, Boise, ID 83709",https://www.zillow.com/homedetails/445-S-Maple-Grove-Rd-Boise-ID-83709/239901450_zpid/
629000,20757000,5,3,3214,74.7255,New construction,"604 Washington Loop, Rigby, ID 83442",https://www.zillow.com/homedetails/604-Washington-Loop-Rigby-ID-83442/2065540193_zpid/
315000,10395000,3,2,1930,44.8725,House for sale,"4129 N 5 W, Idaho Falls, ID 83401",https://www.zillow.com/homedetails/4129-N-5-W-Idaho-Falls-ID-83401/76911405_zpid/
224900,7421700,2,1,836,19.437,Active,"703 6th St N, Nampa, ID 83687",https://www.zillow.com/homedetails/703-6th-St-N-Nampa-ID-83687/72313536_zpid/
556990,18380670,4,4,3259,75.77175,Active,"2747 N Ridgecreek Ave, Kuna, ID 83634",https://www.zillow.com/homedetails/2747-N-Ridgecreek-Ave-Kuna-ID-83634/2065582030_zpid/
459000,15147000,4,2,1728,40.176,House for sale,"2709 N 12th St, Coeur D Alene, ID 83815",https://www.zillow.com/homedetails/2709-N-12th-St-Coeur-D-Alene-ID-83815/113144861_zpid/
299900,9896700,2,1,1872,43.524,House for sale,"265 Ballard Rd #1, Pocatello, ID 83202",https://www.zillow.com/homedetails/265-Ballard-Rd-1-Pocatello-ID-83202/247682867_zpid/
480000,15840000,3,3,1610,37.4325,House for sale,"2558 W Timberlake Loop, Coeur D Alene, ID 83815",https://www.zillow.com/homedetails/2558-W-Timberlake-Loop-Coeur-D-Alene-ID-83815/113155164_zpid/
584900,19301700,4,2,2632,61.194,Active,"3553 N 3700 E, Kimberly, ID 83341",https://www.zillow.com/homedetails/3553-N-3700-E-Kimberly-ID-83341/111263788_zpid/
590000,19470000,4,3,3840,89.28,House for sale,"1860 Malibu Dr, Idaho Falls, ID 83404",https://www.zillow.com/homedetails/1860-Malibu-Dr-Idaho-Falls-ID-83404/76917834_zpid/
1050000,34650000,5,5,4011,93.25575,House for sale,"4351 Daltons Lndg, Ashton, ID 83420",https://www.zillow.com/homedetails/4351-Daltons-Lndg-Ashton-ID-83420/121685845_zpid/
725000,23925000,3,2,2082,48.4065,Active,"2857 N Cherry Laurel Pl, Star, ID 83669",https://www.zillow.com/homedetails/2857-N-Cherry-Laurel-Pl-Star-ID-83669/122256689_zpid/
599900,19796700,3,2,1504,34.967999999999996,New,"26 Quail Rd, Horseshoe Bend, ID 83629",https://www.zillow.com/homedetails/26-Quail-Rd-Horseshoe-Bend-ID-83629/96130121_zpid/
309900,10226700,3,2,1277,29.69025,Active,"2430 Great Basin Way, Burley, ID 83318",https://www.zillow.com/homedetails/2430-Great-Basin-Way-Burley-ID-83318/333485553_zpid/
195000,6435000,3,2,0,0.0,New construction,"208 E 45th St #4, Garden City, ID 83714",https://www.zillow.com/homedetails/208-E-45th-St-4-Garden-City-ID-83714/2065515635_zpid/
469000,15477000,3,3,1352,31.434,Active,"952 S Pikesville Ave, Boise, ID 83709",https://www.zillow.com/homedetails/952-S-Pikesville-Ave-Boise-ID-83709/72689440_zpid/
304900,10061700,3,3,1408,32.736,New construction,"380 S 3 W #202, Rigby, ID 83442",https://www.zillow.com/homedetails/380-S-3-W-202-Rigby-ID-83442/2065511721_zpid/
965000,31845000,3,3,3266,75.9345,Active,"1645 S Stream Pointe Ln, Eagle, ID 83616",https://www.zillow.com/homedetails/1645-S-Stream-Pointe-Ln-Eagle-ID-83616/79632307_zpid/
338900,11183700,3,2,1350,31.3875,Active,"1444 Saddler St, Twin Falls, ID 83301",https://www.zillow.com/homedetails/1444-Saddler-St-Twin-Falls-ID-83301/111270678_zpid/
629000,20757000,3,2,1535,35.68875,Active,"12946 Patty Ln, Donnelly, ID 83615",https://www.zillow.com/homedetails/12946-Patty-Ln-Donnelly-ID-83615/233360390_zpid/
375000,12375000,3,2,1080,25.11,Home for sale,"295 Ash St, Ponderay, ID 83852",https://www.zillow.com/homedetails/295-Ash-St-Ponderay-ID-83852/103894677_zpid/
329900,10886700,4,3,3960,92.07,House for sale,"761 Hutchinson Ave, American Falls, ID 83211",https://www.zillow.com/homedetails/761-Hutchinson-Ave-American-Falls-ID-83211/104658620_zpid/
539000,17787000,3,2,1560,36.27,House for sale,"3496 Spruce Ln, Island Park, ID 83429",https://www.zillow.com/homedetails/3496-Spruce-Ln-Island-Park-ID-83429/104638896_zpid/
825000,27225000,4,3,2507,58.28775,New construction,"117 Madera Dr, Sandpoint, ID 83864",https://www.zillow.com/homedetails/117-Madera-Dr-Sandpoint-ID-83864/2065665768_zpid/
585000,19305000,3,3,1943,45.17475,Price Change,"3112 S Lindsay Ave, Boise, ID 83705",https://www.zillow.com/homedetails/3112-S-Lindsay-Ave-Boise-ID-83705/122256451_zpid/
185000,6105000,2,1,788,18.321,House for sale,"510 N Front St, McCammon, ID 83250",https://www.zillow.com/homedetails/510-N-Front-St-McCammon-ID-83250/222798582_zpid/
375000,12375000,4,2,2658,61.7985,House for sale,"1025 Hemlock St, Idaho Falls, ID 83401",https://www.zillow.com/homedetails/1025-Hemlock-St-Idaho-Falls-ID-83401/76908650_zpid/
748900,24713700,5,3,2392,55.614,Active,"1208 N World Cup Ln, Eagle, ID 83616",https://www.zillow.com/homedetails/1208-N-World-Cup-Ln-Eagle-ID-83616/89046224_zpid/
800000,26400000,1,1,374,8.6955,Home for sale,"62 Cattail Ln, Priest River, ID 83856",https://www.zillow.com/homedetails/62-Cattail-Ln-Priest-River-ID-83856/221476932_zpid/
190000,6270000,3,1,874,20.3205,Active,"615 S Utah Ave, Fruitland, ID 83619",https://www.zillow.com/homedetails/615-S-Utah-Ave-Fruitland-ID-83619/96904099_zpid/
875000,28875000,3,2,2590,60.2175,New,"5010 Joe Ln, Nampa, ID 83687",https://www.zillow.com/homedetails/5010-Joe-Ln-Nampa-ID-83687/72346727_zpid/
1144900,37781700,3,3,2832,65.844,Active,"5008 W Little Feather St, Eagle, ID 83616",https://www.zillow.com/homedetails/5008-W-Little-Feather-St-Eagle-ID-83616/2065537290_zpid/
660000,21780000,4,3,1698,39.4785,House for sale,"4015 Moose St, Island Park, ID 83429",https://www.zillow.com/homedetails/4015-Moose-St-Island-Park-ID-83429/104629643_zpid/
159000,5247000,2,1,1090,25.3425,House for sale,"432 Huff St, Montpelier, ID 83254",https://www.zillow.com/homedetails/432-Huff-St-Montpelier-ID-83254/194649896_zpid/
524900,17321700,4,3,1925,44.75625,Active,"3124 N Summerbrook Ave, Meridian, ID 83646",https://www.zillow.com/homedetails/3124-N-Summerbrook-Ave-Meridian-ID-83646/2065558832_zpid/
249900,8246700,2,1,846,19.6695,House for sale,"366 Stuart Ave, Pocatello, ID 83202",https://www.zillow.com/homedetails/366-Stuart-Ave-Pocatello-ID-83202/113841963_zpid/
449900,14846700,1,1,840,19.53,Active,"56 Clear Creek Dr, Boise, ID 83716",https://www.zillow.com/homedetails/56-Clear-Creek-Dr-Boise-ID-83716/89942534_zpid/
775000,25575000,3,3,2080,48.36,Active,"3850 N Plaza Rd, Emmett, ID 83617",https://www.zillow.com/homedetails/3850-N-Plaza-Rd-Emmett-ID-83617/228896301_zpid/
403990,13331670,3,2,1447,33.64275,Active,"11425 Millbank St, Nampa, ID 83651",https://www.zillow.com/homedetails/11425-Millbank-St-Nampa-ID-83651/2065770944_zpid/
669000,22077000,3,2,1372,31.899,House for sale,"406 N 20th St, Coeur D Alene, ID 83814",https://www.zillow.com/homedetails/406-N-20th-St-Coeur-D-Alene-ID-83814/113158613_zpid/
649000,21417000,4,3,1994,46.3605,New construction,"7289 Bellac Ln, Coeur D Alene, ID 83815",https://www.zillow.com/homedetails/7289-Bellac-Ln-Coeur-D-Alene-ID-83815/2065526119_zpid/
285000,9405000,2,1,400,9.3,Home for sale,"Nna E Cape Horn Cir, Bayview, ID 83803",https://www.zillow.com/homedetails/Nna-E-Cape-Horn-Cir-Bayview-ID-83803/2069936052_zpid/
900000,29700000,5,5,2408,55.986,New,"1350 S Vermont Ave, Boise, ID 83706",https://www.zillow.com/homedetails/1350-S-Vermont-Ave-Boise-ID-83706/79601621_zpid/
339000,11187000,6,4,2512,58.403999999999996,House for sale,"401 S Saint Charles St, Salmon, ID 83467",https://www.zillow.com/homedetails/401-S-Saint-Charles-St-Salmon-ID-83467/104643762_zpid/
280000,9240000,2,0,800,18.6,Active,"38 Timberline Rd, Boise, ID 83716",https://www.zillow.com/homedetails/38-Timberline-Rd-Boise-ID-83716/96122190_zpid/
310000,10230000,4,1,1836,42.687,House for sale,"225 E Depot St, Weston, ID 83286",https://www.zillow.com/homedetails/225-E-Depot-St-Weston-ID-83286/115516936_zpid/
450000,14850000,3,2,1612,37.479,Active,"216 Settlers Way W, Jerome, ID 83338",https://www.zillow.com/homedetails/216-Settlers-Way-W-Jerome-ID-83338/112912765_zpid/
465000,15345000,3,2,2660,61.845,House for sale,"123 Old Tom Rd, McCammon, ID 83250",https://www.zillow.com/homedetails/123-Old-Tom-Rd-McCammon-ID-83250/113829829_zpid/
575000,18975000,4,3,1769,41.12925,Active,"14143 W Chadford Dr, Boise, ID 83713",https://www.zillow.com/homedetails/14143-W-Chadford-Dr-Boise-ID-83713/79631523_zpid/
760000,25080000,3,3,2000,46.5,New,"3954 S Mill Site Ave, Boise, ID 83716",https://www.zillow.com/homedetails/3954-S-Mill-Site-Ave-Boise-ID-83716/79643656_zpid/
685000,22605000,3,1,864,20.088,House for sale,"399 Covered Bridge Loop, Blanchard, ID 83804",https://www.zillow.com/homedetails/399-Covered-Bridge-Loop-Blanchard-ID-83804/2067954597_zpid/
365000,12045000,3,2,1522,35.3865,New,"1418 River Run Ln, Caldwell, ID 83605",https://www.zillow.com/homedetails/1418-River-Run-Ln-Caldwell-ID-83605/72322328_zpid/
383500,12655500,3,2,1981,46.05825,Active,"708 S Diamond St, Nampa, ID 83686",https://www.zillow.com/homedetails/708-S-Diamond-St-Nampa-ID-83686/72319131_zpid/
849900,28046700,3,3,3251,75.58575,House for sale,"14602 E Sunset Shores Cir, Harrison, ID 83833",https://www.zillow.com/homedetails/14602-E-Sunset-Shores-Cir-Harrison-ID-83833/204498512_zpid/
309700,10220100,3,2,1296,30.132,Home for sale,"1675 Pokey Creek Rd, Santa, ID 83866",https://www.zillow.com/homedetails/1675-Pokey-Creek-Rd-Santa-ID-83866/113855535_zpid/
265000,8745000,2,2,1320,30.69,Home for sale,"1748 W Bounty Loop, Hayden Lake, ID 83835",https://www.zillow.com/homedetails/1748-W-Bounty-Loop-Hayden-Lake-ID-83835/113139857_zpid/
695000,22935000,2,3,2860,66.495,House for sale,"2007 Highway 93 N, North Fork, ID 83466",https://www.zillow.com/homedetails/2007-Highway-93-N-North-Fork-ID-83466/125011800_zpid/
480990,15872670,5,4,3580,83.235,New construction,"Northfield Plan, Hillcrest Ranch",https://www.zillow.com/community/hillcrest-ranch/2068014704_zpid/
450000,14850000,6,3,2700,62.775,Multi-family home for sale,"943-945 N Buchanan Ave, Pocatello, ID 83204",https://www.zillow.com/homedetails/943-945-N-Buchanan-Ave-Pocatello-ID-83204/2094038517_zpid/
1450000,47850000,3,3,3943,91.67475,Active,"2095 N Meridian Rd, Eagle, ID 83616",https://www.zillow.com/homedetails/2095-N-Meridian-Rd-Eagle-ID-83616/79657917_zpid/
240000,7920000,2,1,1311,30.48075,House for sale,"520 1st E, Ririe, ID 83443",https://www.zillow.com/homedetails/520-1st-E-Ririe-ID-83443/2065770863_zpid/
469000,15477000,3,2,1567,36.43275,New construction,"120 Doral Dr, Jerome, ID 83338",https://www.zillow.com/homedetails/120-Doral-Dr-Jerome-ID-83338/336740990_zpid/
75000,2475000,2,1,938,21.8085,House for sale,"8728 W Meadow Brook Cir, Rathdrum, ID 83858",https://www.zillow.com/homedetails/8728-W-Meadow-Brook-Cir-Rathdrum-ID-83858/113113857_zpid/
625000,20625000,5,3,2740,63.705,House for sale,"2674 N, Arimo, ID 83214",https://www.zillow.com/homedetails/2674-N-Arimo-ID-83214/331548884_zpid/
382000,12606000,4,2,1658,38.5485,New construction,"915 Lilac St, Blackfoot, ID 83221",https://www.zillow.com/homedetails/915-Lilac-St-Blackfoot-ID-83221/2074005584_zpid/
559900,18476700,5,3,3452,80.259,House for sale,"2266 E Olympic Ave, Idaho Falls, ID 83404",https://www.zillow.com/homedetails/2266-E-Olympic-Ave-Idaho-Falls-ID-83404/94747547_zpid/
645000,21285000,2,1,1248,29.016,House for sale,"1015 Valley Rim Rd, McCall, ID 83638",https://www.zillow.com/homedetails/1015-Valley-Rim-Rd-McCall-ID-83638/115544618_zpid/
462000,15246000,5,3,3306,76.86449999999999,House for sale,"2654 N 25 E, Idaho Falls, ID 83401",https://www.zillow.com/homedetails/2654-N-25-E-Idaho-Falls-ID-83401/94749210_zpid/
815000,26895000,3,3,2193,50.98725,Active,"3096 S Terri Way, Meridian, ID 83642",https://www.zillow.com/homedetails/3096-S-Terri-Way-Meridian-ID-83642/249551220_zpid/
419900,13856700,5,2,2056,47.802,House for sale,"376 Warren Ave, Priest River, ID 83856",https://www.zillow.com/homedetails/376-Warren-Ave-Priest-River-ID-83856/110844668_zpid/
1500000,49500000,5,5,3602,83.7465,Active,"26864 N Timber Ridge Rd, Rathdrum, ID 83858",https://www.zillow.com/homedetails/26864-N-Timber-Ridge-Rd-Rathdrum-ID-83858/113135527_zpid/
349900,11546700,2,1,1504,34.967999999999996,Active,"319 Lone Star Rd, Nampa, ID 83651",https://www.zillow.com/homedetails/319-Lone-Star-Rd-Nampa-ID-83651/72325365_zpid/
290000,9570000,3,2,1425,33.13125,Active,"603 6th St, Filer, ID 83328",https://www.zillow.com/homedetails/603-6th-St-Filer-ID-83328/111281385_zpid/
180000,5940000,3,1,1135,26.388749999999998,Active,"304 5th Ave E, Jerome, ID 83338",https://www.zillow.com/homedetails/304-5th-Ave-E-Jerome-ID-83338/111721694_zpid/
675000,22275000,6,6,3510,81.6075,House for sale,"665 N Hollow Dr, Idaho Falls, ID 83401",https://www.zillow.com/homedetails/665-N-Hollow-Dr-Idaho-Falls-ID-83401/2065563946_zpid/
450000,14850000,3,2,2124,49.383,Active,"525 3rd Ave W, Gooding, ID 83330",https://www.zillow.com/homedetails/525-3rd-Ave-W-Gooding-ID-83330/104644292_zpid/
865000,28545000,5,4,2870,66.7275,Active,"3365 E 4016 N, Twin Falls, ID 83301",https://www.zillow.com/homedetails/3365-E-4016-N-Twin-Falls-ID-83301/2066710644_zpid/
749000,24717000,6,4,3566,82.9095,House for sale,"3672 E 20 N, Rigby, ID 83442",https://www.zillow.com/homedetails/3672-E-20-N-Rigby-ID-83442/2065560687_zpid/
429990,14189670,3,2,1447,33.64275,Active,"1265 S Threave Ave, Kuna, ID 83634",https://www.zillow.com/homedetails/1265-S-Threave-Ave-Kuna-ID-83634/2068455807_zpid/
400000,13200000,2,1,918,21.3435,Active,"2395 N 32nd St, Boise, ID 83703",https://www.zillow.com/homedetails/2395-N-32nd-St-Boise-ID-83703/79704175_zpid/
485000,16005000,3,2,1936,45.012,Active,"1035 Ridge Cir, Kimberly, ID 83341",https://www.zillow.com/homedetails/1035-Ridge-Cir-Kimberly-ID-83341/2065582302_zpid/
625000,20625000,3,1,1347,31.31775,House for sale,"1227 Algoma Spur, Sagle, ID 83860",https://www.zillow.com/homedetails/1227-Algoma-Spur-Sagle-ID-83860/103899977_zpid/
540000,17820000,6,3,2920,67.89,House for sale,"445 Wind River Dr, Shelley, ID 83274",https://www.zillow.com/homedetails/445-Wind-River-Dr-Shelley-ID-83274/250280696_zpid/
785000,25905000,5,4,3542,82.3515,Active,"4860 N Columbine Ave, Boise, ID 83713",https://www.zillow.com/homedetails/4860-N-Columbine-Ave-Boise-ID-83713/79667605_zpid/
49900,1646700,4,2,938,21.8085,Active,"1239 W Lake Hazel Ln, Boise, ID 83705",https://www.zillow.com/homedetails/1239-W-Lake-Hazel-Ln-Boise-ID-83705/190076351_zpid/
615000,20295000,3,2,1734,40.3155,New construction,"1594 W Moselle Dr, Coeur D Alene, ID 83815",https://www.zillow.com/homedetails/1594-W-Moselle-Dr-Coeur-D-Alene-ID-83815/2065539818_zpid/
245000,8085000,3,1,1188,27.621,Active,"414 W Idaho St, Weiser, ID 83672",https://www.zillow.com/homedetails/414-W-Idaho-St-Weiser-ID-83672/248973843_zpid/
559900,18476700,3,3,2562,59.5665,Active,"11246 Iowa Ave, Nampa, ID 83686",https://www.zillow.com/homedetails/11246-Iowa-Ave-Nampa-ID-83686/72362582_zpid/
1875000,61875000,2,1,826,19.2045,House for sale,"5 Blue Heron Ln, Hope, ID 83836",https://www.zillow.com/homedetails/5-Blue-Heron-Ln-Hope-ID-83836/103899601_zpid/
565000,18645000,3,1,1000,23.25,Active,"4701 N Collister Dr, Boise, ID 83703",https://www.zillow.com/homedetails/4701-N-Collister-Dr-Boise-ID-83703/79655502_zpid/
685000,22605000,4,2,1728,40.176,Active,"11830 W Camas St, Boise, ID 83709",https://www.zillow.com/homedetails/11830-W-Camas-St-Boise-ID-83709/79654936_zpid/
360000,11880000,3,2,1568,36.456,House for sale,"7157 Oak St, Bonners Ferry, ID 83805",https://www.zillow.com/homedetails/7157-Oak-St-Bonners-Ferry-ID-83805/104620180_zpid/
549000,18117000,3,2,1740,40.455,Active,"37 Wapiti Ct, Garden Valley, ID 83622",https://www.zillow.com/homedetails/37-Wapiti-Ct-Garden-Valley-ID-83622/2067819431_zpid/
229900,7586700,4,3,1566,36.4095,Townhouse for sale,"1468 Falcon Dr, Idaho Falls, ID 83406",https://www.zillow.com/homedetails/1468-Falcon-Dr-Idaho-Falls-ID-83406/2065536882_zpid/
499999,16499967,4,2,1780,41.385,Active,"32350 Nichol Ln, Parma, ID 83660",https://www.zillow.com/homedetails/32350-Nichol-Ln-Parma-ID-83660/72337094_zpid/
212500,7012500,3,1,870,20.2275,House for sale,"150 N 2 W, Aberdeen, ID 83210",https://www.zillow.com/homedetails/150-N-2-W-Aberdeen-ID-83210/250280708_zpid/
64000,2112000,3,2,1548,35.991,Home for sale,"260 W 3 N, Rexburg, ID 83440",https://www.zillow.com/homedetails/260-W-3-N-Rexburg-ID-83440/115533878_zpid/
469000,15477000,5,1,1704,39.618,Active,"20826 Allendale Rd, Wilder, ID 83676",https://www.zillow.com/homedetails/20826-Allendale-Rd-Wilder-ID-83676/72352522_zpid/
250000,8250000,3,1,1760,40.92,House for sale,"97 McAdoo St, Blackfoot, ID 83221",https://www.zillow.com/homedetails/97-McAdoo-St-Blackfoot-ID-83221/113281673_zpid/
400000,13200000,5,3,2678,62.2635,Multi-family home for sale,"221 N 1900 E, Rexburg, ID 83440",https://www.zillow.com/homedetails/221-N-1900-E-Rexburg-ID-83440/104635236_zpid/
638000,21054000,4,2,1624,37.758,Active,"2512 W Pleasanton Ave, Boise, ID 83702",https://www.zillow.com/homedetails/2512-W-Pleasanton-Ave-Boise-ID-83702/79697002_zpid/
355000,11715000,1,1,642,14.9265,House for sale,"1312 Main St, Sandpoint, ID 83864",https://www.zillow.com/homedetails/1312-Main-St-Sandpoint-ID-83864/103897829_zpid/
995000,32835000,3,3,2520,58.589999999999996,House for sale,"4150 Wooded Ln, Island Park, ID 83429",https://www.zillow.com/homedetails/4150-Wooded-Ln-Island-Park-ID-83429/115835385_zpid/
240000,7920000,3,2,1970,45.8025,Active,"645 N 1350 E, Jackson, ID 83350",https://www.zillow.com/homedetails/645-N-1350-E-Jackson-ID-83350/247657537_zpid/
269500,8893500,1,1,900,20.925,Active,"1668 Lukes Gulch Rd, Stites, ID 83552",https://www.zillow.com/homedetails/1668-Lukes-Gulch-Rd-Stites-ID-83552/2065807382_zpid/
429000,14157000,3,2,1386,32.2245,Active,"8091 W Beckton Ln, Garden City, ID 83714",https://www.zillow.com/homedetails/8091-W-Beckton-Ln-Garden-City-ID-83714/79668315_zpid/
159900,5276700,3,2,938,21.8085,Home for sale,"2243 W Gueneveres Way, Post Falls, ID 83854",https://www.zillow.com/homedetails/2243-W-Gueneveres-Way-Post-Falls-ID-83854/113108683_zpid/
450000,14850000,3,2,924,21.483,Home for sale,"202 Kevin Ln, Oldtown, ID 83822",https://www.zillow.com/homedetails/202-Kevin-Ln-Oldtown-ID-83822/103893352_zpid/
495000,16335000,2,2,1248,29.016,New construction,"7234 Bellac Ln, Coeur D Alene, ID 83815",https://www.zillow.com/homedetails/7234-Bellac-Ln-Coeur-D-Alene-ID-83815/2065526118_zpid/
485000,16005000,3,3,2856,66.402,Active,"1215 11th Ave E, Twin Falls, ID 83301",https://www.zillow.com/homedetails/1215-11th-Ave-E-Twin-Falls-ID-83301/111269635_zpid/
337500,11137500,3,3,2089,48.56925,Townhouse for sale,"505 Caribou St, Rigby, ID 83442",https://www.zillow.com/homedetails/505-Caribou-St-Rigby-ID-83442/115525389_zpid/
