12701700,4,3,1850,43.0125,House for sale,857 Peninsula Dr Gallatin TN 37066,https://www.zillow.com/homedetails/857-Peninsula-Dr-Gallatin-TN-37066/80344400_zpid/
24746700,4,3,2604,60.543,House for sale,1478 Red Oak Dr Brentwood TN 37027,https://www.zillow.com/homedetails/1478-Red-Oak-Dr-Brentwood-TN-37027/52023621_zpid/
4455000,2,2,1400,32.55,House for sale,711 Cash Hollow Rd Johnson City TN 37601,https://www.zillow.com/homedetails/711-Cash-Hollow-Rd-Johnson-City-TN-37601/42557615_zpid/
1544400,1,1,566,13.1595,House for sale,1934 Middle Way Cosby TN 37722,https://www.zillow.com/homedetails/1934-Middle-Way-Cosby-TN-37722/63005983_zpid/
11381700,3,2,1572,36.549,House for sale,309 Karlee Dr Lebanon TN 37087,https://www.zillow.com/homedetails/309-Karlee-Dr-Lebanon-TN-37087/42667640_zpid/
8745000,2,1,1312,30.504,House for sale,3217 Alta Vista Dr Chattanooga TN 37411,https://www.zillow.com/homedetails/3217-Alta-Vista-Dr-Chattanooga-TN-37411/55230097_zpid/
11546700,4,3,2405,55.91625,House for sale,8511 Brandermill Ln Chattanooga TN 37421,https://www.zillow.com/homedetails/8511-Brandermill-Ln-Chattanooga-TN-37421/55225755_zpid/
9075000,3,2,1920,44.64,New construction,348 Littleton Rd Jonesborough TN 37659,https://www.zillow.com/homedetails/348-Littleton-Rd-Jonesborough-TN-37659/42555115_zpid/
16467000,4,3,2127,49.45275,House for sale,2091 Lakewood Dr Loudon TN 37774,https://www.zillow.com/homedetails/2091-Lakewood-Dr-Loudon-TN-37774/81116131_zpid/
8910000,4,3,2100,48.825,House for sale,172 Moore Cir NE Cleveland TN 37312,https://www.zillow.com/homedetails/172-Moore-Cir-NE-Cleveland-TN-37312/40856248_zpid/
7887000,3,3,1799,41.82675,House for sale,888 Blue Mill Rd Del Rio TN 37727,https://www.zillow.com/homedetails/888-Blue-Mill-Rd-Del-Rio-TN-37727/40962731_zpid/
9537000,3,2,1204,27.993,House for sale,1730 Mitchell Ave Chattanooga TN 37408,https://www.zillow.com/homedetails/1730-Mitchell-Ave-Chattanooga-TN-37408/41428463_zpid/
5936700,2,2,1792,41.664,House for sale,632 Green Hollow Rd Linden TN 37096,https://www.zillow.com/homedetails/632-Green-Hollow-Rd-Linden-TN-37096/81265096_zpid/
5775000,3,2,2770,64.4025,House for sale,1025 Harrison Rd Martin TN 38237,https://www.zillow.com/homedetails/1025-Harrison-Rd-Martin-TN-38237/62901881_zpid/
15176700,2,2,1672,38.874,House for sale,4306 Seneca Ave Chattanooga TN 37409,https://www.zillow.com/homedetails/4306-Seneca-Ave-Chattanooga-TN-37409/192102823_zpid/
19635000,4,3,3114,72.4005,House for sale,308 Michaels Ridge Blvd Johnson City TN 37615,https://www.zillow.com/homedetails/308-Michaels-Ridge-Blvd-Johnson-City-TN-37615/63648060_zpid/
9075000,4,2,2679,62.28675,House for sale,180 King Loop Buena Vista TN 38318,https://www.zillow.com/homedetails/180-King-Loop-Buena-Vista-TN-38318/40944153_zpid/
18975000,4,3,2660,61.845,House for sale,2078 Trout Trl Murfreesboro TN 37129,https://www.zillow.com/homedetails/2078-Trout-Trl-Murfreesboro-TN-37129/248980853_zpid/
3267000,0,0,1800,41.85,New construction,435 Katherine Dr Crossville TN 38555,https://www.zillow.com/homedetails/435-Katherine-Dr-Crossville-TN-38555/2065595639_zpid/
3626700,2,1,1128,26.226,House for sale,283 Highridge Rd Johnson City TN 37604,https://www.zillow.com/homedetails/283-Highridge-Rd-Johnson-City-TN-37604/42580402_zpid/
12375000,3,3,2013,46.80225,House for sale,204 Nicklin Dr Chattanooga TN 37421,https://www.zillow.com/homedetails/204-Nicklin-Dr-Chattanooga-TN-37421/55236518_zpid/
14817000,3,2,1800,41.85,House for sale,1005 Keener Rd Seymour TN 37865,https://www.zillow.com/homedetails/1005-Keener-Rd-Seymour-TN-37865/40813321_zpid/
5577000,1,1,1224,28.458,House for sale,Messer Branch Rd Hartford TN 37753,https://www.zillow.com/homedetails/Messer-Branch-Rd-Hartford-TN-37753/2068000661_zpid/
29696700,4,3,3150,73.2375,House for sale,10798 Lost Lake Cir #19 Ooltewah TN 37363,https://www.zillow.com/homedetails/10798-Lost-Lake-Cir-19-Ooltewah-TN-37363/2082865751_zpid/
7425000,2,2,1402,32.5965,House for sale,271 Shenandoah Dr Johnson City TN 37601,https://www.zillow.com/homedetails/271-Shenandoah-Dr-Johnson-City-TN-37601/81007609_zpid/
8576700,3,2,1334,31.0155,House for sale,852 Quiet Oaks Way Dandridge TN 37725,https://www.zillow.com/homedetails/852-Quiet-Oaks-Way-Dandridge-TN-37725/90210383_zpid/
13530000,3,2,2312,53.754,House for sale,917 Shauna Dr Nashville TN 37214,https://www.zillow.com/homedetails/917-Shauna-Dr-Nashville-TN-37214/41122170_zpid/
7095000,2,2,1800,41.85,House for sale,2321 Steekee Creek Rd Loudon TN 37774,https://www.zillow.com/homedetails/2321-Steekee-Creek-Rd-Loudon-TN-37774/41748474_zpid/
9075000,4,2,1625,37.78125,House for sale,4513 Dayton Blvd Chattanooga TN 37415,https://www.zillow.com/homedetails/4513-Dayton-Blvd-Chattanooga-TN-37415/41399070_zpid/
12210000,3,3,1932,44.919,House for sale,3150 Jenkins Dr Murfreesboro TN 37128,https://www.zillow.com/homedetails/3150-Jenkins-Dr-Murfreesboro-TN-37128/55461281_zpid/
9401700,4,3,2033,47.26725,House for sale,2042 Windmeade Dr Clarksville TN 37042,https://www.zillow.com/homedetails/2042-Windmeade-Dr-Clarksville-TN-37042/41834247_zpid/
11880000,3,2,1650,38.3625,House for sale,3254 Ozark Cir Chattanooga TN 37415,https://www.zillow.com/homedetails/3254-Ozark-Cir-Chattanooga-TN-37415/41409264_zpid/
3626700,4,2,2239,52.05675,Home for sale,116 Goose Ln Maynardville TN 37807,https://www.zillow.com/homedetails/116-Goose-Ln-Maynardville-TN-37807/55751965_zpid/
18975000,4,3,2749,63.91425,House for sale,812 Holt Grove Ct Nashville TN 37211,https://www.zillow.com/homedetails/812-Holt-Grove-Ct-Nashville-TN-37211/50907646_zpid/
8246700,3,2,1066,24.7845,House for sale,2236 McSpadden Rd Maryville TN 37803,https://www.zillow.com/homedetails/2236-McSpadden-Rd-Maryville-TN-37803/40841931_zpid/
16005000,4,3,2600,60.45,House for sale,1622 Hickory Valley Rd Lebanon TN 37087,https://www.zillow.com/homedetails/1622-Hickory-Valley-Rd-Lebanon-TN-37087/80361256_zpid/
5936700,4,2,1280,29.76,House for sale,94 Ritchey Rd Pikeville TN 37367,https://www.zillow.com/homedetails/94-Ritchey-Rd-Pikeville-TN-37367/40793569_zpid/
7091700,3,2,2070,48.1275,House for sale,907 E Highland St Jefferson City TN 37760,https://www.zillow.com/homedetails/907-E-Highland-St-Jefferson-City-TN-37760/41562165_zpid/
6365700,4,2,1824,42.408,House for sale,874 Gap Creek Rd Elizabethton TN 37643,https://www.zillow.com/homedetails/874-Gap-Creek-Rd-Elizabethton-TN-37643/40974933_zpid/
7260000,3,2,1420,33.015,House for sale,659 Clift Rd Soddy Daisy TN 37379,https://www.zillow.com/homedetails/659-Clift-Rd-Soddy-Daisy-TN-37379/41371006_zpid/
14025000,5,5,3160,73.47,Auction,1906 Heron Cove Dr Knoxville TN 37922,https://www.zillow.com/homedetails/1906-Heron-Cove-Dr-Knoxville-TN-37922/2065701834_zpid/
11550000,3,2,1443,33.54975,House for sale,129 Southern Ter White House TN 37188,https://www.zillow.com/homedetails/129-Southern-Ter-White-House-TN-37188/81217607_zpid/
14817000,4,3,0,0.0,House for sale,965 Audubon Dr Memphis TN 38117,https://www.zillow.com/homedetails/965-Audubon-Dr-Memphis-TN-38117/42193005_zpid/
6926700,3,2,1380,32.085,House for sale,5511 Orlin Dr Chattanooga TN 37411,https://www.zillow.com/homedetails/5511-Orlin-Dr-Chattanooga-TN-37411/55234285_zpid/
10226700,3,2,1376,31.992,House for sale,107 Bryan House Dr Goodlettsville TN 37072,https://www.zillow.com/homedetails/107-Bryan-House-Dr-Goodlettsville-TN-37072/41049772_zpid/
23760000,4,3,2520,58.59,House for sale,201 Creekstone Blvd Franklin TN 37064,https://www.zillow.com/homedetails/201-Creekstone-Blvd-Franklin-TN-37064/114408251_zpid/
8246700,3,2,1402,32.5965,House for sale,234 Pine Thickett Rd Sparta TN 38583,https://www.zillow.com/homedetails/234-Pine-Thickett-Rd-Sparta-TN-38583/81321653_zpid/
12045000,4,3,2081,48.38325,House for sale,1158 Eagles Nest Ln Clarksville TN 37040,https://www.zillow.com/homedetails/1158-Eagles-Nest-Ln-Clarksville-TN-37040/306356375_zpid/
17325000,3,3,1707,39.68775,House for sale,5819-5819A Maxon Ave Nashville TN 37209,https://www.zillow.com/homedetails/5819-5819A-Maxon-Ave-Nashville-TN-37209/2075974462_zpid/
13196700,3,2,2205,51.26625,House for sale,9226 W Ridge Trail Rd Soddy Daisy TN 37379,https://www.zillow.com/homedetails/9226-W-Ridge-Trail-Rd-Soddy-Daisy-TN-37379/41374480_zpid/
17486700,5,3,2500,58.125,House for sale,1101 Peake Ln Knoxville TN 37922,https://www.zillow.com/homedetails/1101-Peake-Ln-Knoxville-TN-37922/316793094_zpid/
4286700,3,2,1878,43.6635,House for sale,549 Cherokee Ave Clinton TN 37716,https://www.zillow.com/homedetails/549-Cherokee-Ave-Clinton-TN-37716/40784538_zpid/
8906700,3,2,1550,36.0375,House for sale,234 Georgee Rd Jamestown TN 38556,https://www.zillow.com/homedetails/234-Georgee-Rd-Jamestown-TN-38556/2067648988_zpid/
13530000,4,3,2218,51.5685,House for sale,6406 Frankfurt Rd Ooltewah TN 37363,https://www.zillow.com/homedetails/6406-Frankfurt-Rd-Ooltewah-TN-37363/120880550_zpid/
9570000,3,2,990,23.0175,House for sale,1033 N Dupont Ave Madison TN 37115,https://www.zillow.com/homedetails/1033-N-Dupont-Ave-Madison-TN-37115/41059859_zpid/
7260000,2,2,1536,35.712,House for sale,2021 Milky Way Jamestown TN 38556,https://www.zillow.com/homedetails/2021-Milky-Way-Jamestown-TN-38556/81247890_zpid/
8976000,3,1,1530,35.5725,House for sale,4404 Fulton Dr Knoxville TN 37918,https://www.zillow.com/homedetails/4404-Fulton-Dr-Knoxville-TN-37918/41605527_zpid/
55935000,4,4,4514,104.9505,House for sale,754 High Point Ridge Rd Franklin TN 37069,https://www.zillow.com/homedetails/754-High-Point-Ridge-Rd-Franklin-TN-37069/42624543_zpid/
9900000,3,2,1125,26.15625,House for sale,249 Bart Dr Antioch TN 37013,https://www.zillow.com/homedetails/249-Bart-Dr-Antioch-TN-37013/41196855_zpid/
18117000,5,4,4229,98.32425,House for sale,1308 Poplar Ct Sevierville TN 37862,https://www.zillow.com/homedetails/1308-Poplar-Ct-Sevierville-TN-37862/42485152_zpid/
1831500,4,1,1456,33.852,House for sale,8505 Highway 203 Savannah TN 38372,https://www.zillow.com/homedetails/8505-Highway-203-Savannah-TN-38372/119542577_zpid/
14025000,4,3,0,0.0,House for sale,1414 Dexter Ln Cordova TN 38016,https://www.zillow.com/homedetails/1414-Dexter-Ln-Cordova-TN-38016/42331997_zpid/
6105000,3,3,1824,42.408,House for sale,150 Giles Rd Cosby TN 37722,https://www.zillow.com/homedetails/150-Giles-Rd-Cosby-TN-37722/40965237_zpid/
6596700,4,2,0,0.0,House for sale,149 Eastview Dr Memphis TN 38111,https://www.zillow.com/homedetails/149-Eastview-Dr-Memphis-TN-38111/42162187_zpid/
12045000,3,2,1632,37.944,House for sale,123 Sandidge Rd Maryville TN 37804,https://www.zillow.com/homedetails/123-Sandidge-Rd-Maryville-TN-37804/40823406_zpid/
8411700,3,2,1200,27.9,House for sale,505 E Barton Ridge Rd Greeneville TN 37745,https://www.zillow.com/homedetails/505-E-Barton-Ridge-Rd-Greeneville-TN-37745/41339988_zpid/
11550000,4,2,0,0.0,House for sale,647 Oak Wild Cv Collierville TN 38017,https://www.zillow.com/homedetails/647-Oak-Wild-Cv-Collierville-TN-38017/42311202_zpid/
12870000,5,4,2503,58.19475,House for sale,1016 Carter Ridge Dr Knoxville TN 37924,https://www.zillow.com/homedetails/1016-Carter-Ridge-Dr-Knoxville-TN-37924/247152043_zpid/
19767000,3,3,2100,48.825,House for sale,3201 Ballplay Rd Madisonville TN 37354,https://www.zillow.com/homedetails/3201-Ballplay-Rd-Madisonville-TN-37354/41901688_zpid/
13167000,3,2,2000,46.5,House for sale,117 Woody Underwood Rd Celina TN 38551,https://www.zillow.com/homedetails/117-Woody-Underwood-Rd-Celina-TN-38551/2067454996_zpid/
8085000,3,2,1477,34.34025,House for sale,222 Meade St Maryville TN 37804,https://www.zillow.com/homedetails/222-Meade-St-Maryville-TN-37804/40816759_zpid/
12206700,3,3,2340,54.405,House for sale,2112 Windbrook Rd Knoxville TN 37923,https://www.zillow.com/homedetails/2112-Windbrook-Rd-Knoxville-TN-37923/41660247_zpid/
4946700,3,2,1781,41.40825,House for sale,598 Sand Ridge Rd Lexington TN 38351,https://www.zillow.com/homedetails/598-Sand-Ridge-Rd-Lexington-TN-38351/41448361_zpid/
11216700,3,2,1111,25.83075,House for sale,3236 Briarwick Dr Nashville TN 37218,https://www.zillow.com/homedetails/3236-Briarwick-Dr-Nashville-TN-37218/41095803_zpid/
13035000,3,3,2000,46.5,House for sale,1190 Press Beaty Rd Jamestown TN 38556,https://www.zillow.com/homedetails/1190-Press-Beaty-Rd-Jamestown-TN-38556/2084819332_zpid/
7425000,3,2,1280,29.76,Home for sale,1821 Breckenridge Dr Crossville TN 38572,https://www.zillow.com/homedetails/1821-Breckenridge-Dr-Crossville-TN-38572/41042165_zpid/
6596700,4,2,1950,45.3375,Home for sale,244 Shady Dr Harriman TN 37748,https://www.zillow.com/homedetails/244-Shady-Dr-Harriman-TN-37748/42043449_zpid/
9735000,4,3,3002,69.7965,House for sale,2524 Vick Rd Woodlawn TN 37191,https://www.zillow.com/homedetails/2524-Vick-Rd-Woodlawn-TN-37191/2069585162_zpid/
9405000,3,2,1800,41.85,House for sale,7324 Thorn Grove Pike Knoxville TN 37914,https://www.zillow.com/homedetails/7324-Thorn-Grove-Pike-Knoxville-TN-37914/41657094_zpid/
12536700,3,2,2500,58.125,House for sale,4 Wanee Ct Johnson City TN 37601,https://www.zillow.com/homedetails/4-Wanee-Ct-Johnson-City-TN-37601/42557286_zpid/
16496700,8,4,3970,92.3025,Multi-family home for sale,6820&6878 Romines Rd Talbott TN 37877,https://www.zillow.com/homedetails/68206878-Romines-Rd-Talbott-TN-37877/2065530075_zpid/
4451700,3,1,1600,37.2,Home for sale,223 Scenic Dr Spring City TN 37381,https://www.zillow.com/homedetails/223-Scenic-Dr-Spring-City-TN-37381/42017971_zpid/
8576700,3,2,1440,33.48,House for sale,1500 Henley Hollow Rd Liberty TN 37095,https://www.zillow.com/homedetails/1500-Henley-Hollow-Rd-Liberty-TN-37095/70528623_zpid/
9405000,3,3,1550,36.0375,House for sale,1903 Howell Mill Dr Chattanooga TN 37421,https://www.zillow.com/homedetails/1903-Howell-Mill-Dr-Chattanooga-TN-37421/55237872_zpid/
13035000,4,4,2974,69.1455,House for sale,428 Tara Ln Huntingdon TN 38344,https://www.zillow.com/homedetails/428-Tara-Ln-Huntingdon-TN-38344/40941864_zpid/
14021700,2,2,1488,34.596,House for sale,411 Mystical Mountain Way Sevierville TN 37876,https://www.zillow.com/homedetails/411-Mystical-Mountain-Way-Sevierville-TN-37876/42478213_zpid/
8741700,3,2,2152,50.034,House for sale,1715 Lockwood Dr Knoxville TN 37918,https://www.zillow.com/homedetails/1715-Lockwood-Dr-Knoxville-TN-37918/41620959_zpid/
14021700,3,3,3312,77.004,House for sale,1323 Suncrest Dr Johnson City TN 37615,https://www.zillow.com/homedetails/1323-Suncrest-Dr-Johnson-City-TN-37615/42555235_zpid/
8547000,3,4,3088,71.796,House for sale,1382 Towe String Rd Jacksboro TN 37757,https://www.zillow.com/homedetails/1382-Towe-String-Rd-Jacksboro-TN-37757/66567962_zpid/
8576700,3,2,1650,38.3625,House for sale,510 Old Sinking Creek Rd Greenback TN 37742,https://www.zillow.com/homedetails/510-Old-Sinking-Creek-Rd-Greenback-TN-37742/41751482_zpid/
16005000,3,3,2298,53.4285,House for sale,887 Tellico Reliance Rd Reliance TN 37369,https://www.zillow.com/homedetails/887-Tellico-Reliance-Rd-Reliance-TN-37369/81309502_zpid/
11216700,3,2,1350,31.3875,House for sale,465 Crescent Rd Murfreesboro TN 37128,https://www.zillow.com/homedetails/465-Crescent-Rd-Murfreesboro-TN-37128/69804926_zpid/
13035000,4,3,0,0.0,House for sale,595 Kinsman Rd Memphis TN 38120,https://www.zillow.com/homedetails/595-Kinsman-Rd-Memphis-TN-38120/42187416_zpid/
3597000,1,1,0,0.0,House for sale,321 Smith Hollow Rd Butler TN 37640,https://www.zillow.com/homedetails/321-Smith-Hollow-Rd-Butler-TN-37640/80995504_zpid/
16434000,3,2,1620,37.665,House for sale,653 Grant Helton Rd Rockwood TN 37854,https://www.zillow.com/homedetails/653-Grant-Helton-Rd-Rockwood-TN-37854/41025273_zpid/
4946700,2,2,1537,35.73525,House for sale,2023 Keaton St Milan TN 38358,https://www.zillow.com/homedetails/2023-Keaton-St-Milan-TN-38358/41301623_zpid/
19631700,4,4,2756,64.077,House for sale,516 Kings Hills Blvd Pigeon Forge TN 37863,https://www.zillow.com/homedetails/516-Kings-Hills-Blvd-Pigeon-Forge-TN-37863/42499291_zpid/
14024967,3,2,2462,57.2415,House for sale,508 Shady Oak Dr Nashville TN 37217,https://www.zillow.com/homedetails/508-Shady-Oak-Dr-Nashville-TN-37217/41148725_zpid/
9566700,4,2,2206,51.2895,House for sale,260 Millstone Cir Clarksville TN 37042,https://www.zillow.com/homedetails/260-Millstone-Cir-Clarksville-TN-37042/41835526_zpid/
8877000,4,3,2272,52.824,House for sale,1711 Main St Surgoinsville TN 37873,https://www.zillow.com/homedetails/1711-Main-St-Surgoinsville-TN-37873/41535008_zpid/
13196700,3,2,1899,44.15175,House for sale,4820 Compassion Ln Murfreesboro TN 37128,https://www.zillow.com/homedetails/4820-Compassion-Ln-Murfreesboro-TN-37128/242964736_zpid/
11546700,3,3,1760,40.92,House for sale,3533 Best Rd Maryville TN 37803,https://www.zillow.com/homedetails/3533-Best-Rd-Maryville-TN-37803/40839845_zpid/
6765000,3,1,1197,27.83025,House for sale,102 Ogden Ln Oak Ridge TN 37830,https://www.zillow.com/homedetails/102-Ogden-Ln-Oak-Ridge-TN-37830/66591315_zpid/
11546700,3,1,1020,23.715,House for sale,4321 Taylors Chapel Rd Crossville TN 38572,https://www.zillow.com/homedetails/4321-Taylors-Chapel-Rd-Crossville-TN-38572/41022677_zpid/
13167000,3,3,2826,65.7045,House for sale,531 Bullington Rd Mc Ewen TN 37101,https://www.zillow.com/homedetails/531-Bullington-Rd-Mc-Ewen-TN-37101/41520088_zpid/
6596700,4,2,3130,72.7725,House for sale,266 Shelton Rd Manchester TN 37355,https://www.zillow.com/homedetails/266-Shelton-Rd-Manchester-TN-37355/40907997_zpid/
18150000,2,2,1314,30.5505,House for sale,256 Buzzard Roost Rd Bulls Gap TN 37711,https://www.zillow.com/homedetails/256-Buzzard-Roost-Rd-Bulls-Gap-TN-37711/41544970_zpid/
5445000,3,1,884,20.553,House for sale,549 Brewer Hollow Rd Sharps Chapel TN 37866,https://www.zillow.com/homedetails/549-Brewer-Hollow-Rd-Sharps-Chapel-TN-37866/42537648_zpid/
1650000,3,2,0,0.0,House for sale,7692 Currie Rd Millington TN 38053,https://www.zillow.com/homedetails/7692-Currie-Rd-Millington-TN-38053/42315399_zpid/
12375000,3,2,1268,29.481,House for sale,5812 Labrador Ln Antioch TN 37013,https://www.zillow.com/homedetails/5812-Labrador-Ln-Antioch-TN-37013/41202935_zpid/
42900000,4,4,3910,90.9075,House for sale,307 Sunset Island Trl Gallatin TN 37066,https://www.zillow.com/homedetails/307-Sunset-Island-Trl-Gallatin-TN-37066/42407139_zpid/
4616700,2,1,672,15.624,House for sale,184 Tecumseh Trl Speedwell TN 37870,https://www.zillow.com/homedetails/184-Tecumseh-Trl-Speedwell-TN-37870/2065628729_zpid/
22760100,4,3,2730,63.4725,New construction,660 Johnson Hollow Rd Watertown TN 37184,https://www.zillow.com/homedetails/660-Johnson-Hollow-Rd-Watertown-TN-37184/2066425583_zpid/
4785000,3,1,1177,27.36525,House for sale,614 W 4th St Parsons TN 38363,https://www.zillow.com/homedetails/614-W-4th-St-Parsons-TN-38363/41209779_zpid/
18645000,4,4,0,0.0,House for sale,4459 Whisper Spring Dr Collierville TN 38017,https://www.zillow.com/homedetails/4459-Whisper-Spring-Dr-Collierville-TN-38017/2065520391_zpid/
22436700,3,2,1881,43.73325,House for sale,125 Stoney Cv Midway TN 37809,https://www.zillow.com/homedetails/125-Stoney-Cv-Midway-TN-37809/2065531475_zpid/
17816700,3,3,1872,43.524,House for sale,572 Norris Shores Dr Sharps Chapel TN 37866,https://www.zillow.com/homedetails/572-Norris-Shores-Dr-Sharps-Chapel-TN-37866/42538225_zpid/
10890000,3,2,2081,48.38325,House for sale,1023 Hillshire Dr Clarksville TN 37043,https://www.zillow.com/homedetails/1023-Hillshire-Dr-Clarksville-TN-37043/41850339_zpid/
18146700,5,3,3898,90.6285,House for sale,402 2nd Ave E Lenoir City TN 37771,https://www.zillow.com/homedetails/402-2nd-Ave-E-Lenoir-City-TN-37771/41741117_zpid/
11216700,4,3,0,0.0,House for sale,2975 Hazel Grove Rd Burlison TN 38015,https://www.zillow.com/homedetails/2975-Hazel-Grove-Rd-Burlison-TN-38015/81203518_zpid/
6765000,4,3,0,0.0,House for sale,3120 E Glengarry Rd Memphis TN 38128,https://www.zillow.com/homedetails/3120-E-Glengarry-Rd-Memphis-TN-38128/42271804_zpid/
9075000,3,2,0,0.0,House for sale,4946 Flamingo Rd Memphis TN 38117,https://www.zillow.com/homedetails/4946-Flamingo-Rd-Memphis-TN-38117/42210244_zpid/
11220000,4,3,3525,81.95625,House for sale,1531 Robin Hood Ln Johnson City TN 37604,https://www.zillow.com/homedetails/1531-Robin-Hood-Ln-Johnson-City-TN-37604/42567640_zpid/
7887000,2,2,1324,30.783,House for sale,2517 Howard Springs Rd Crossville TN 38571,https://www.zillow.com/homedetails/2517-Howard-Springs-Rd-Crossville-TN-38571/199014070_zpid/
7425000,3,2,1459,33.92175,House for sale,207 Park Ln Clarksville TN 37042,https://www.zillow.com/homedetails/207-Park-Ln-Clarksville-TN-37042/41843284_zpid/
16500000,3,3,1600,37.2,Coming soon,1031 Chester Ave Nashville TN 37206,https://www.zillow.com/homedetails/1031-Chester-Ave-Nashville-TN-37206/244633371_zpid/
14714700,3,2,1720,39.99,House for sale,1731 Hartford Ln Mount Juliet TN 37122,https://www.zillow.com/homedetails/1731-Hartford-Ln-Mount-Juliet-TN-37122/120789401_zpid/
11876700,3,2,2214,51.4755,Coming soon,2895 Prince Dr Clarksville TN 37043,https://www.zillow.com/homedetails/2895-Prince-Dr-Clarksville-TN-37043/63637929_zpid/
8250000,3,2,0,0.0,House for sale,255 Nivens Dr Atoka TN 38004,https://www.zillow.com/homedetails/255-Nivens-Dr-Atoka-TN-38004/81233548_zpid/
21417000,4,3,2584,60.078,House for sale,950 Sands Rd Sweetwater TN 37874,https://www.zillow.com/homedetails/950-Sands-Rd-Sweetwater-TN-37874/81205097_zpid/
9236700,4,2,1728,40.176,House for sale,135 N Purdue Ave Oak Ridge TN 37830,https://www.zillow.com/homedetails/135-N-Purdue-Ave-Oak-Ridge-TN-37830/66592879_zpid/
9570000,3,3,2013,46.80225,House for sale,973 Silty Dr Clarksville TN 37042,https://www.zillow.com/homedetails/973-Silty-Dr-Clarksville-TN-37042/95287153_zpid/
15427500,3,3,2439,56.70675,House for sale,1334 Laurel Cir Crossville TN 38555,https://www.zillow.com/homedetails/1334-Laurel-Cir-Crossville-TN-38555/41023038_zpid/
3630000,2,1,576,13.392,House for sale,10624 Horton Ford Rd Eidson TN 37731,https://www.zillow.com/homedetails/10624-Horton-Ford-Rd-Eidson-TN-37731/2069114113_zpid/
11385000,5,4,0,0.0,House for sale,8860 Carrollwood Ln Cordova TN 38016,https://www.zillow.com/homedetails/8860-Carrollwood-Ln-Cordova-TN-38016/62866007_zpid/
10857000,4,3,2554,59.3805,House for sale,955 9th St Erwin TN 37650,https://www.zillow.com/homedetails/955-9th-St-Erwin-TN-37650/42532630_zpid/
4121700,4,2,0,0.0,House for sale,655 W Raines Rd Memphis TN 38109,https://www.zillow.com/homedetails/655-W-Raines-Rd-Memphis-TN-38109/42245398_zpid/
8745000,3,2,1302,30.2715,House for sale,702 Martin St Maryville TN 37804,https://www.zillow.com/homedetails/702-Martin-St-Maryville-TN-37804/40823758_zpid/
17655000,4,3,0,0.0,House for sale,10767 Chapel Hill Rd Arlington TN 38002,https://www.zillow.com/homedetails/10767-Chapel-Hill-Rd-Arlington-TN-38002/42366274_zpid/
9883500,3,2,1518,35.2935,House for sale,4063 Tabor Loop Crossville TN 38571,https://www.zillow.com/homedetails/4063-Tabor-Loop-Crossville-TN-38571/119351534_zpid/
7095000,2,3,0,0.0,Townhouse for sale,3997 Sawgrass Dr Memphis TN 38125,https://www.zillow.com/homedetails/3997-Sawgrass-Dr-Memphis-TN-38125/161767594_zpid/
19800000,5,2,2952,68.634,House for sale,1252 Church St Christiana TN 37037,https://www.zillow.com/homedetails/1252-Church-St-Christiana-TN-37037/42109665_zpid/
10230000,4,4,0,0.0,House for sale,14 Bailey Springs Rd Lawrenceburg TN 38464,https://www.zillow.com/homedetails/14-Bailey-Springs-Rd-Lawrenceburg-TN-38464/81195053_zpid/
13196700,2,2,1684,39.153,House for sale,306 Jones Ln McMinnville TN 37110,https://www.zillow.com/homedetails/306-Jones-Ln-McMinnville-TN-37110/52022533_zpid/
7755000,3,2,1332,30.969,House for sale,614 Parkway Blvd Elizabethton TN 37643,https://www.zillow.com/homedetails/614-Parkway-Blvd-Elizabethton-TN-37643/80986503_zpid/
8250000,4,3,2572,59.799,House for sale,173 Academy St Sneedville TN 37869,https://www.zillow.com/homedetails/173-Academy-St-Sneedville-TN-37869/2069995420_zpid/
9471000,2,2,1440,33.48,House for sale,111 Dyer Branch Rd Gordonsville TN 38563,https://www.zillow.com/homedetails/111-Dyer-Branch-Rd-Gordonsville-TN-38563/42374529_zpid/
11546700,3,2,1696,39.432,House for sale,3067 Southwark Dr Springfield TN 37172,https://www.zillow.com/homedetails/3067-Southwark-Dr-Springfield-TN-37172/212186723_zpid/
13695000,4,3,2131,49.54575,House for sale,106 Cherokee Dr White House TN 37188,https://www.zillow.com/homedetails/106-Cherokee-Dr-White-House-TN-37188/80336175_zpid/
8576700,3,2,1300,30.225,House for sale,736 Driver Cir Hartsville TN 37074,https://www.zillow.com/homedetails/736-Driver-Cir-Hartsville-TN-37074/2065522970_zpid/
3049200,3,3,0,0.0,House for sale,1289 Michigan St Memphis TN 38106,https://www.zillow.com/homedetails/1289-Michigan-St-Memphis-TN-38106/42135036_zpid/
26235000,4,3,3200,74.4,House for sale,291 Norris Shores Dr Sharps Chapel TN 37866,https://www.zillow.com/homedetails/291-Norris-Shores-Dr-Sharps-Chapel-TN-37866/42538276_zpid/
16467000,4,4,0,0.0,House for sale,2084 Bensonwood Dr Germantown TN 38138,https://www.zillow.com/homedetails/2084-Bensonwood-Dr-Germantown-TN-38138/42356776_zpid/
28380000,3,3,2621,60.93825,House for sale,461 Sassafras Trl Sevierville TN 37876,https://www.zillow.com/homedetails/461-Sassafras-Trl-Sevierville-TN-37876/42503257_zpid/
15675000,3,3,2000,46.5,House for sale,1755 Mountain View Rd Lenoir City TN 37771,https://www.zillow.com/homedetails/1755-Mountain-View-Rd-Lenoir-City-TN-37771/41736441_zpid/
17321700,3,3,2661,61.86825,New construction,The Villa 2 Story Plan The Reserve at Seven Points,https://www.zillow.com/community/reserve-at-seven-points/2084965491_zpid/
23100000,4,3,3200,74.4,Coming soon,650 Cruze Rd Lenoir City TN 37772,https://www.zillow.com/homedetails/650-Cruze-Rd-Lenoir-City-TN-37772/66934340_zpid/
32175000,5,5,3934,91.4655,House for sale,2044 Clifton Johnston Ct Nolensville TN 37135,https://www.zillow.com/homedetails/2044-Clifton-Johnston-Ct-Nolensville-TN-37135/197359432_zpid/
20625000,3,3,2368,55.056,House for sale,303 Frazier Rd SE Old Fort TN 37362,https://www.zillow.com/homedetails/303-Frazier-Rd-SE-Old-Fort-TN-37362/40875769_zpid/
11876700,3,2,1189,27.64425,Coming soon,415 Lake Farm Rd Smyrna TN 37167,https://www.zillow.com/homedetails/415-Lake-Farm-Rd-Smyrna-TN-37167/42065638_zpid/
16483500,3,3,3127,72.70275,House for sale,262 Old Standing Stone Rd Livingston TN 38570,https://www.zillow.com/homedetails/262-Old-Standing-Stone-Rd-Livingston-TN-38570/41966105_zpid/
9075000,3,2,1847,42.94275,House for sale,64 Earl George Rd Huntland TN 37345,https://www.zillow.com/homedetails/64-Earl-George-Rd-Huntland-TN-37345/41290236_zpid/
6596700,2,2,1288,29.946,House for sale,207 Brantley Acres Rd Speedwell TN 37870,https://www.zillow.com/homedetails/207-Brantley-Acres-Rd-Speedwell-TN-37870/215444468_zpid/
3267000,2,1,1276,29.667,House for sale,340 Croft Rd Tellico Plains TN 37385,https://www.zillow.com/homedetails/340-Croft-Rd-Tellico-Plains-TN-37385/41905661_zpid/
5441700,3,2,1680,39.06,House for sale,904 E Main St Jefferson City TN 37760,https://www.zillow.com/homedetails/904-E-Main-St-Jefferson-City-TN-37760/41559834_zpid/
3250500,2,2,1087,25.27275,House for sale,337 Boones Holw Speedwell TN 37870,https://www.zillow.com/homedetails/337-Boones-Holw-Speedwell-TN-37870/215454643_zpid/
4257000,3,1,1734,40.3155,Foreclosure,1301 Broad St Bristol TN 37620,https://www.zillow.com/homedetails/1301-Broad-St-Bristol-TN-37620/42425203_zpid/
8992500,2,2,1260,29.295,House for sale,311 Tucker Rd Bath Springs TN 38311,https://www.zillow.com/homedetails/311-Tucker-Rd-Bath-Springs-TN-38311/41213777_zpid/
15671700,3,2,2371,55.12575,House for sale,465 Westcrest Dr Nashville TN 37211,https://www.zillow.com/homedetails/465-Westcrest-Dr-Nashville-TN-37211/41193879_zpid/
20225700,4,3,3062,71.1915,House for sale,4117 Barnsley Loop #80 Ooltewah TN 37363,https://www.zillow.com/homedetails/4117-Barnsley-Loop-80-Ooltewah-TN-37363/2078152009_zpid/
24255000,3,4,2623,60.98475,House for sale,5319 Indiana Ave Nashville TN 37209,https://www.zillow.com/homedetails/5319-Indiana-Ave-Nashville-TN-37209/108761472_zpid/
7553700,3,2,0,0.0,House for sale,1351 Tutwiler Ave Memphis TN 38107,https://www.zillow.com/homedetails/1351-Tutwiler-Ave-Memphis-TN-38107/42133929_zpid/
7586700,4,2,2052,47.709,Home for sale,7287 Pinewood Rd Nunnelly TN 37137,https://www.zillow.com/homedetails/7287-Pinewood-Rd-Nunnelly-TN-37137/60207697_zpid/
17325000,3,2,1646,38.2695,House for sale,4380 Pulaski Hwy Culleoka TN 38451,https://www.zillow.com/homedetails/4380-Pulaski-Hwy-Culleoka-TN-38451/60169259_zpid/
6101700,3,2,0,0.0,New construction,225 Freshwater Cv Counce TN 38326,https://www.zillow.com/homedetails/225-Freshwater-Cv-Counce-TN-38326/2065549844_zpid/
5276700,3,2,2104,48.918,House for sale,2042 Campground Rd Troy TN 38260,https://www.zillow.com/homedetails/2042-Campground-Rd-Troy-TN-38260/60296692_zpid/
24746700,3,3,2644,61.473,House for sale,6916 Southern Woods Dr Brentwood TN 37027,https://www.zillow.com/homedetails/6916-Southern-Woods-Dr-Brentwood-TN-37027/81329202_zpid/
8250000,3,2,2083,48.42975,House for sale,2675 Elkmont Dr Clarksville TN 37040,https://www.zillow.com/homedetails/2675-Elkmont-Dr-Clarksville-TN-37040/52597931_zpid/
7091700,4,2,1778,41.3385,House for sale,14141 Barren Field Dr Milan TN 38358,https://www.zillow.com/homedetails/14141-Barren-Field-Dr-Milan-TN-38358/41304388_zpid/
10886700,3,3,1405,32.66625,House for sale,1021 Niagra Way Murfreesboro TN 37129,https://www.zillow.com/homedetails/1021-Niagra-Way-Murfreesboro-TN-37129/81213304_zpid/
