4125000,3,2,1895,44.05875,House for sale,8406 Prospect Ave Kansas City MO 64132,https://www.zillow.com/homedetails/8406-Prospect-Ave-Kansas-City-MO-64132/2101392107_zpid/
9570000,4,4,3693,85.86225,Active,4775 S Mary Ann Ave Springfield MO 65810,https://www.zillow.com/homedetails/4775-S-Mary-Ann-Ave-Springfield-MO-65810/50288658_zpid/
8085000,4,3,2681,62.33325,House for sale,177 Willow Hts Cape Girardeau MO 63701,https://www.zillow.com/homedetails/177-Willow-Hts-Cape-Girardeau-MO-63701/121183257_zpid/
12866700,4,2,2706,62.9145,House for sale,3672 Bellerive Blvd Saint Louis MO 63116,https://www.zillow.com/homedetails/3672-Bellerive-Blvd-Saint-Louis-MO-63116/3016508_zpid/
8250000,4,3,2970,69.0525,House for sale,1407 Edgevale Rd Jefferson City MO 65101,https://www.zillow.com/homedetails/1407-Edgevale-Rd-Jefferson-City-MO-65101/102923439_zpid/
9075000,3,2,1638,38.0835,House for sale,4090 Schulze Rd House Springs MO 63051,https://www.zillow.com/homedetails/4090-Schulze-Rd-House-Springs-MO-63051/49699710_zpid/
5940000,3,2,1206,28.0395,House for sale,324 E 4th St Moscow Mills MO 63362,https://www.zillow.com/homedetails/324-E-4th-St-Moscow-Mills-MO-63362/101712475_zpid/
8580000,3,3,1848,42.966,House for sale,10300 NW Meadow Lane Dr Kansas City MO 64152,https://www.zillow.com/homedetails/10300-NW-Meadow-Lane-Dr-Kansas-City-MO-64152/2500507_zpid/
5362467,3,2,1764,41.013,House for sale,1925 Americana Way Fenton MO 63026,https://www.zillow.com/homedetails/1925-Americana-Way-Fenton-MO-63026/49687512_zpid/
4055700,2,2,1187,27.59775,Townhouse for sale,1828 Rutger St Saint Louis MO 63104,https://www.zillow.com/homedetails/1828-Rutger-St-Saint-Louis-MO-63104/2065532437_zpid/
13695000,3,4,2114,49.1505,Active,3363 S Victoria Ct Springfield MO 65809,https://www.zillow.com/homedetails/3363-S-Victoria-Ct-Springfield-MO-65809/103698735_zpid/
10886700,3,2,2086,48.4995,House for sale,6928 Hillsland Ave Saint Louis MO 63109,https://www.zillow.com/homedetails/6928-Hillsland-Ave-Saint-Louis-MO-63109/3026614_zpid/
24750000,5,4,4492,104.439,House for sale,14608 Summer Blossom Ln Chesterfield MO 63017,https://www.zillow.com/homedetails/14608-Summer-Blossom-Ln-Chesterfield-MO-63017/2777909_zpid/
3794967,3,2,1728,40.176,House for sale,3721 Highway W Poplar Bluff MO 63901,https://www.zillow.com/homedetails/3721-Highway-W-Poplar-Bluff-MO-63901/124950095_zpid/
7916700,3,2,1676,38.967,Active,308 W Avenue Ave Nixa MO 65714,https://www.zillow.com/homedetails/308-W-Avenue-Ave-Nixa-MO-65714/112477334_zpid/
7755000,3,3,2028,47.151,House for sale,5507 NW Indian Hills Ln Parkville MO 64152,https://www.zillow.com/homedetails/5507-NW-Indian-Hills-Ln-Parkville-MO-64152/2506354_zpid/
6600000,3,2,1358,31.5735,House for sale,6205 N Water Cress Cir Columbia MO 65202,https://www.zillow.com/homedetails/6205-N-Water-Cress-Cir-Columbia-MO-65202/58693115_zpid/
17325000,3,2,1678,39.0135,House for sale,214 Point Lookout Dr Sunrise Beach MO 65079,https://www.zillow.com/homedetails/214-Point-Lookout-Dr-Sunrise-Beach-MO-65079/85075843_zpid/
9735000,3,2,2122,49.3365,House for sale,3119 Shenandoah Ave Saint Louis MO 63104,https://www.zillow.com/homedetails/3119-Shenandoah-Ave-Saint-Louis-MO-63104/2938563_zpid/
7920000,3,3,1792,41.664,House for sale,928 Stone Brook Ln Grain Valley MO 64029,https://www.zillow.com/homedetails/928-Stone-Brook-Ln-Grain-Valley-MO-64029/2387189_zpid/
8250000,4,3,2594,60.3105,House for sale,12800 Crystal Ave Grandview MO 64030,https://www.zillow.com/homedetails/12800-Crystal-Ave-Grandview-MO-64030/2469213_zpid/
5278350,3,2,2234,51.9405,House for sale,4439 NE Antioch Rd Kansas City MO 64117,https://www.zillow.com/homedetails/4439-NE-Antioch-Rd-Kansas-City-MO-64117/66448577_zpid/
14190000,3,4,2981,69.30825,House for sale,17 Greenview Dr Defiance MO 63341,https://www.zillow.com/homedetails/17-Greenview-Dr-Defiance-MO-63341/2552990_zpid/
8250000,3,2,1837,42.71025,House for sale,1345 Thousand Acres Rd Montreal MO 65591,https://www.zillow.com/homedetails/1345-Thousand-Acres-Rd-Montreal-MO-65591/96773939_zpid/
7425000,3,3,2986,69.4245,House for sale,120 NW 80th St Kansas City MO 64118,https://www.zillow.com/homedetails/120-NW-80th-St-Kansas-City-MO-64118/66412766_zpid/
10890000,3,3,1800,41.85,House for sale,7423 Walnut St Kansas City MO 64114,https://www.zillow.com/homedetails/7423-Walnut-St-Kansas-City-MO-64114/2419585_zpid/
13695000,4,2,2037,47.36025,House for sale,6645 Pershing Ave Saint Louis MO 63130,https://www.zillow.com/homedetails/6645-Pershing-Ave-Saint-Louis-MO-63130/2747502_zpid/
8745000,3,4,2476,57.567,House for sale,2000 NE 69th Ter Kansas City MO 64118,https://www.zillow.com/homedetails/2000-NE-69th-Ter-Kansas-City-MO-64118/66418174_zpid/
7256700,3,2,1620,37.665,House for sale,205 Saint Charles St Wentzville MO 63385,https://www.zillow.com/homedetails/205-Saint-Charles-St-Wentzville-MO-63385/59921833_zpid/
9405000,3,3,1960,45.57,House for sale,309 NE Fiddlewood Ave Lees Summit MO 64086,https://www.zillow.com/homedetails/309-NE-Fiddlewood-Ave-Lees-Summit-MO-64086/2445974_zpid/
4587000,3,2,1374,31.9455,House for sale,1015 Cheyenne Dr Florissant MO 63033,https://www.zillow.com/homedetails/1015-Cheyenne-Dr-Florissant-MO-63033/2627745_zpid/
13196700,6,3,3617,84.09525,House for sale,1 Talisman Way Dr Florissant MO 63034,https://www.zillow.com/homedetails/1-Talisman-Way-Dr-Florissant-MO-63034/2584960_zpid/
21450000,3,2,3744,87.048,House for sale,13407 Darlin Dr Smithville MO 64089,https://www.zillow.com/homedetails/13407-Darlin-Dr-Smithville-MO-64089/66404610_zpid/
4606800,3,1,1352,31.434,Active,1625 W Webster St Springfield MO 65802,https://www.zillow.com/homedetails/1625-W-Webster-St-Springfield-MO-65802/50254692_zpid/
18150000,4,5,5293,123.06225,House for sale,4355 Twin Oaks Dr Fulton MO 65251,https://www.zillow.com/homedetails/4355-Twin-Oaks-Dr-Fulton-MO-65251/110396032_zpid/
13051500,4,3,3237,75.26025,House for sale,5933 Rockhill Rd Kansas City MO 64110,https://www.zillow.com/homedetails/5933-Rockhill-Rd-Kansas-City-MO-64110/2412955_zpid/
21780000,3,2,2494,57.9855,House for sale,6 Ladue Estates Dr Saint Louis MO 63141,https://www.zillow.com/homedetails/6-Ladue-Estates-Dr-Saint-Louis-MO-63141/2753060_zpid/
8415000,3,2,1855,43.12875,House for sale,1610 Cove Dr Raymore MO 64083,https://www.zillow.com/homedetails/1610-Cove-Dr-Raymore-MO-64083/97053350_zpid/
5111700,5,2,1768,41.106,House for sale,14965 E Stokes Rd Nevada MO 64772,https://www.zillow.com/homedetails/14965-E-Stokes-Rd-Nevada-MO-64772/124948785_zpid/
13196700,4,4,2444,56.823,House for sale,518 Spring Meadow Xing Wentzville MO 63385,https://www.zillow.com/homedetails/518-Spring-Meadow-Xing-Wentzville-MO-63385/2566829_zpid/
10065000,4,2,1669,38.80425,Active,5475 S Farm Road 141 Springfield MO 65810,https://www.zillow.com/homedetails/5475-S-Farm-Road-141-Springfield-MO-65810/103720808_zpid/
10226700,5,4,2169,50.42925,House for sale,600 W Chestnut St Holden MO 64040,https://www.zillow.com/homedetails/600-W-Chestnut-St-Holden-MO-64040/225641135_zpid/
15675000,4,5,4572,106.299,House for sale,12 Waterfront Grv Saint Charles MO 63303,https://www.zillow.com/homedetails/12-Waterfront-Grv-Saint-Charles-MO-63303/103722041_zpid/
9401700,3,2,1950,45.3375,House for sale,915 NE 108th St Kansas City MO 64155,https://www.zillow.com/homedetails/915-NE-108th-St-Kansas-City-MO-64155/66402092_zpid/
19635000,5,5,3767,87.58275,House for sale,25 Macarthur Ct Saint Charles MO 63304,https://www.zillow.com/homedetails/25-Macarthur-Ct-Saint-Charles-MO-63304/295499853_zpid/
13200000,4,3,2506,58.2645,House for sale,2511 NW 79th Ter Kansas City MO 64151,https://www.zillow.com/homedetails/2511-NW-79th-Ter-Kansas-City-MO-64151/62898217_zpid/
23099967,7,6,5138,119.4585,Active,1649 Timberlake Rd Branson MO 65616,https://www.zillow.com/homedetails/1649-Timberlake-Rd-Branson-MO-65616/106924007_zpid/
9566700,3,2,1602,37.2465,Active,2122 E Cherryvale St Springfield MO 65804,https://www.zillow.com/homedetails/2122-E-Cherryvale-St-Springfield-MO-65804/50294734_zpid/
12536700,4,2,2092,48.639,House for sale,821 Dutch Mill Dr Ballwin MO 63011,https://www.zillow.com/homedetails/821-Dutch-Mill-Dr-Ballwin-MO-63011/2789405_zpid/
7095000,3,3,2924,67.983,House for sale,120 E Cleveland Ave Warrensburg MO 64093,https://www.zillow.com/homedetails/120-E-Cleveland-Ave-Warrensburg-MO-64093/106864988_zpid/
6101700,3,3,1799,41.82675,House for sale,6310 Heintz Rd Saint Louis MO 63129,https://www.zillow.com/homedetails/6310-Heintz-Rd-Saint-Louis-MO-63129/2930044_zpid/
7095000,3,3,1651,38.38575,Townhouse for sale,9554 N Main St Kansas City MO 64155,https://www.zillow.com/homedetails/9554-N-Main-St-Kansas-City-MO-64155/90022533_zpid/
7424967,2,2,914,21.2505,House for sale,4630 Genessee St Kansas City MO 64112,https://www.zillow.com/homedetails/4630-Genessee-St-Kansas-City-MO-64112/2345019_zpid/
5445000,3,2,1238,28.7835,House for sale,7108 NW 72nd Ter Kansas City MO 64152,https://www.zillow.com/homedetails/7108-NW-72nd-Ter-Kansas-City-MO-64152/2502189_zpid/
17325000,4,3,2784,64.728,Active,959 S Mill St Rogersville MO 65742,https://www.zillow.com/homedetails/959-S-Mill-St-Rogersville-MO-65742/247245486_zpid/
7425000,3,3,1298,30.1785,House for sale,1511 Peach Tree Ln Pacific MO 63069,https://www.zillow.com/homedetails/1511-Peach-Tree-Ln-Pacific-MO-63069/67519560_zpid/
13196700,3,3,2031,47.22075,House for sale,5007 Suson Hills Dr Saint Louis MO 63128,https://www.zillow.com/homedetails/5007-Suson-Hills-Dr-Saint-Louis-MO-63128/2923544_zpid/
7425000,3,3,2312,53.754,House for sale,7902 Spring Valley Rd Kansas City MO 64138,https://www.zillow.com/homedetails/7902-Spring-Valley-Rd-Kansas-City-MO-64138/61636036_zpid/
3956700,3,3,1760,40.92,House for sale,46 Oak Hill Blvd Poplar Bluff MO 63901,https://www.zillow.com/homedetails/46-Oak-Hill-Blvd-Poplar-Bluff-MO-63901/2065564787_zpid/
12206700,4,3,3094,71.9355,Active,644 Jasmine Dr Branson MO 65616,https://www.zillow.com/homedetails/644-Jasmine-Dr-Branson-MO-65616/106924494_zpid/
6154500,3,2,1388,32.271,Active,316 Hillcrest Ave Nixa MO 65714,https://www.zillow.com/homedetails/316-Hillcrest-Ave-Nixa-MO-65714/112485667_zpid/
10131000,5,4,2079,48.33675,House for sale,418 NE 114th St Kansas City MO 64155,https://www.zillow.com/homedetails/418-NE-114th-St-Kansas-City-MO-64155/66400919_zpid/
12375000,4,3,2455,57.07875,House for sale,16461 Forest Pine Dr Ballwin MO 63011,https://www.zillow.com/homedetails/16461-Forest-Pine-Dr-Ballwin-MO-63011/2830359_zpid/
6583500,3,2,1508,35.061,House for sale,30917 Winton Rd Rocky Mount MO 65072,https://www.zillow.com/homedetails/30917-Winton-Rd-Rocky-Mount-MO-65072/317225020_zpid/
9735000,5,3,2521,58.61325,Active,605 E Crossland St Ozark MO 65721,https://www.zillow.com/homedetails/605-E-Crossland-St-Ozark-MO-65721/112494741_zpid/
7425000,4,3,2040,47.43,House for sale,2705 Garden View Dr Jefferson City MO 65109,https://www.zillow.com/homedetails/2705-Garden-View-Dr-Jefferson-City-MO-65109/102937741_zpid/
7260000,2,2,1152,26.784,Active,1009 County Road 1990 Willow Springs MO 65793,https://www.zillow.com/homedetails/1009-County-Road-1990-Willow-Springs-MO-65793/230304045_zpid/
8246700,3,3,1680,39.06,House for sale,9607 Holmes Rd Kansas City MO 64131,https://www.zillow.com/homedetails/9607-Holmes-Rd-Kansas-City-MO-64131/2431645_zpid/
5936700,3,3,2240,52.08,House for sale,19848 Long Branch Rd Barnett MO 65011,https://www.zillow.com/homedetails/19848-Long-Branch-Rd-Barnett-MO-65011/317148689_zpid/
13064700,4,4,2958,68.7735,House for sale,632 Tucker Hill Ln Gray Summit MO 63039,https://www.zillow.com/homedetails/632-Tucker-Hill-Ln-Gray-Summit-MO-63039/67518300_zpid/
8217000,4,3,2236,51.987,Auction,1702 Magnolia Ave Liberty MO 64068,https://www.zillow.com/homedetails/1702-Magnolia-Ave-Liberty-MO-64068/66442958_zpid/
6563700,3,3,1930,44.8725,House for sale,587 NW 1st Ln Lamar MO 64759,https://www.zillow.com/homedetails/587-NW-1st-Ln-Lamar-MO-64759/2066581948_zpid/
8250000,3,2,1582,36.7815,House for sale,27469 Clyne Dr Barnett MO 65011,https://www.zillow.com/homedetails/27469-Clyne-Dr-Barnett-MO-65011/317175572_zpid/
4946700,2,1,882,20.5065,House for sale,4516 Miami St Saint Louis MO 63116,https://www.zillow.com/homedetails/4516-Miami-St-Saint-Louis-MO-63116/2999423_zpid/
4785000,3,2,1300,30.225,Foreclosure,4329 W 26th Pl Joplin MO 64804,https://www.zillow.com/homedetails/4329-W-26th-Pl-Joplin-MO-64804/74913750_zpid/
4948350,3,2,1750,40.6875,Townhouse for sale,13913 Falkirk Cir Grandview MO 64030,https://www.zillow.com/homedetails/13913-Falkirk-Cir-Grandview-MO-64030/2477095_zpid/
14186700,3,3,1820,42.315,House for sale,7739 Snowden Ave Saint Louis MO 63117,https://www.zillow.com/homedetails/7739-Snowden-Ave-Saint-Louis-MO-63117/2769344_zpid/
5923500,3,2,1481,34.43325,Active,260 Wilderness Way Anderson MO 64831,https://www.zillow.com/homedetails/260-Wilderness-Way-Anderson-MO-64831/252316296_zpid/
10857000,4,3,3067,71.30775,Active,179 Palomino Rd Cape Fair MO 65624,https://www.zillow.com/homedetails/179-Palomino-Rd-Cape-Fair-MO-65624/236145619_zpid/
8906700,3,2,1542,35.8515,House for sale,1611 Bermuda Dr Festus MO 63028,https://www.zillow.com/homedetails/1611-Bermuda-Dr-Festus-MO-63028/66837087_zpid/
13196700,4,4,2284,53.103,House for sale,509 River Bend Estates Dr Saint Charles MO 63303,https://www.zillow.com/homedetails/509-River-Bend-Estates-Dr-Saint-Charles-MO-63303/2543081_zpid/
8250000,4,2,1895,44.05875,Active,1709 Honeysuckle Rd Billings MO 65610,https://www.zillow.com/homedetails/1709-Honeysuckle-Rd-Billings-MO-65610/112495661_zpid/
2607000,3,2,1330,30.9225,House for sale,459 S Lafayette Ave Marshall MO 65340,https://www.zillow.com/homedetails/459-S-Lafayette-Ave-Marshall-MO-65340/248660664_zpid/
5936700,2,2,1488,34.596,House for sale,10013 SW State Route Jj #JJ Saint Joseph MO 64504,https://www.zillow.com/homedetails/10013-SW-State-Route-Jj-JJ-Saint-Joseph-MO-64504/2065583023_zpid/
9698700,3,3,1504,34.968,House for sale,1307 Bryan Valley Dr O'Fallon MO 63366,https://www.zillow.com/homedetails/1307-Bryan-Valley-Dr-O'Fallon-MO-63366/2572502_zpid/
9236700,2,2,1080,25.11,House for sale,808 S Harrison Ave Saint Louis MO 63122,https://www.zillow.com/homedetails/808-S-Harrison-Ave-Saint-Louis-MO-63122/2838234_zpid/
4059000,3,2,975,22.66875,House for sale,732 N Kiger Rd Independence MO 64050,https://www.zillow.com/homedetails/732-N-Kiger-Rd-Independence-MO-64050/2304577_zpid/
8250000,3,2,1828,42.501,Coming soon,1117 Athena Way Saint Peters MO 63376,https://www.zillow.com/homedetails/1117-Athena-Way-Saint-Peters-MO-63376/2537124_zpid/
4946700,5,2,1950,45.3375,House for sale,1416 Vine St Poplar Bluff MO 63901,https://www.zillow.com/homedetails/1416-Vine-St-Poplar-Bluff-MO-63901/124938933_zpid/
7425000,3,2,2592,60.264,House for sale,8804 Custer Trl Kansas City MO 64131,https://www.zillow.com/homedetails/8804-Custer-Trl-Kansas-City-MO-64131/2428960_zpid/
13200000,3,2,2299,53.45175,House for sale,573 NW 11th Rd Warrensburg MO 64093,https://www.zillow.com/homedetails/573-NW-11th-Rd-Warrensburg-MO-64093/225630921_zpid/
3131700,3,2,2240,52.08,Home for sale,10320 Lakeview Ln Blackwell MO 63626,https://www.zillow.com/homedetails/10320-Lakeview-Ln-Blackwell-MO-63626/124386625_zpid/
5775000,3,1,1787,41.54775,Active,9298 S State Hwy N Springfield MO 65802,https://www.zillow.com/homedetails/9298-S-State-Hwy-N-Springfield-MO-65802/2065529264_zpid/
5936700,3,2,1497,34.80525,Active,2456 N Clayton Ave Springfield MO 65803,https://www.zillow.com/homedetails/2456-N-Clayton-Ave-Springfield-MO-65803/50228369_zpid/
12045000,3,2,1766,41.0595,Active,58 Friar Tuck Ln Reeds Spring MO 65686,https://www.zillow.com/homedetails/58-Friar-Tuck-Ln-Reeds-Spring-MO-65686/236158022_zpid/
9900000,3,3,1400,32.55,Multi-family home for sale,416 E 63rd Ter Kansas City MO 64110,https://www.zillow.com/homedetails/416-E-63rd-Ter-Kansas-City-MO-64110/2414687_zpid/
15675000,4,3,3207,74.56275,House for sale,4386 Bristol Bnd High Ridge MO 63049,https://www.zillow.com/homedetails/4386-Bristol-Bnd-High-Ridge-MO-63049/49694977_zpid/
7425000,4,3,3120,72.54,House for sale,20465 Leisure Ln Waynesville MO 65583,https://www.zillow.com/homedetails/20465-Leisure-Ln-Waynesville-MO-65583/114962071_zpid/
6596700,3,2,1750,40.6875,Active,505 Buttercup Dr Branson MO 65616,https://www.zillow.com/homedetails/505-Buttercup-Dr-Branson-MO-65616/222443079_zpid/
13526700,4,3,2836,65.937,House for sale,2125 Bow Tree Ct Chesterfield MO 63005,https://www.zillow.com/homedetails/2125-Bow-Tree-Ct-Chesterfield-MO-63005/2780541_zpid/
6596700,3,1,1380,32.085,House for sale,2119 Old 141 Fenton MO 63026,https://www.zillow.com/homedetails/2119-Old-141-Fenton-MO-63026/2065539066_zpid/
8580000,4,1,1500,34.875,House for sale,7864 Becker Rd Saint Louis MO 63129,https://www.zillow.com/homedetails/7864-Becker-Rd-Saint-Louis-MO-63129/2934426_zpid/
7095000,2,2,1021,23.73825,House for sale,1106 W 85th St Kansas City MO 64114,https://www.zillow.com/homedetails/1106-W-85th-St-Kansas-City-MO-64114/2429212_zpid/
7425000,3,2,1008,23.436,House for sale,7700 92nd Hwy Platte City MO 64079,https://www.zillow.com/homedetails/7700-92nd-Hwy-Platte-City-MO-64079/2065529117_zpid/
6105000,4,2,2000,46.5,House for sale,12957 Highway 17 Crocker MO 65452,https://www.zillow.com/homedetails/12957-Highway-17-Crocker-MO-65452/234356069_zpid/
9566700,3,3,2000,46.5,House for sale,26307 Macks Camp Ave Warsaw MO 65355,https://www.zillow.com/homedetails/26307-Macks-Camp-Ave-Warsaw-MO-65355/194690379_zpid/
4616700,4,2,1456,33.852,Home for sale,16505 Cedar Crest Ln Saint James MO 65559,https://www.zillow.com/homedetails/16505-Cedar-Crest-Ln-Saint-James-MO-65559/106878293_zpid/
7095000,3,2,1994,46.3605,House for sale,16433 Summit Ridge Rd Lexington MO 64067,https://www.zillow.com/homedetails/16433-Summit-Ridge-Rd-Lexington-MO-64067/194866890_zpid/
41250000,4,5,3549,82.51425,House for sale,1149 Beacon Point Cir Lake Ozark MO 65049,https://www.zillow.com/homedetails/1149-Beacon-Point-Cir-Lake-Ozark-MO-65049/241493133_zpid/
6596700,3,2,1523,35.40975,House for sale,2 Valleyview Dr Fenton MO 63026,https://www.zillow.com/homedetails/2-Valleyview-Dr-Fenton-MO-63026/49688558_zpid/
7920000,4,2,1844,42.873,Active,919 Wesley Ave Nixa MO 65714,https://www.zillow.com/homedetails/919-Wesley-Ave-Nixa-MO-65714/2065532942_zpid/
5181000,3,1,1512,35.154,House for sale,11502 E 32nd St S Independence MO 64052,https://www.zillow.com/homedetails/11502-E-32nd-St-S-Independence-MO-64052/2067108563_zpid/
14850000,4,4,3193,74.23725,House for sale,624 Meramec View Dr Eureka MO 63025,https://www.zillow.com/homedetails/624-Meramec-View-Dr-Eureka-MO-63025/61353741_zpid/
7425000,3,2,1381,32.10825,House for sale,510 Mill Ct Belton MO 64012,https://www.zillow.com/homedetails/510-Mill-Ct-Belton-MO-64012/97062879_zpid/
4946700,3,2,1484,34.503,House for sale,1303 Main St Higginsville MO 64037,https://www.zillow.com/homedetails/1303-Main-St-Higginsville-MO-64037/194866270_zpid/
3296700,3,2,1344,31.248,House for sale,1020 Farmview Dr Saint Louis MO 63138,https://www.zillow.com/homedetails/1020-Farmview-Dr-Saint-Louis-MO-63138/2622284_zpid/
5280000,3,2,1600,37.2,House for sale,11030 Quail Dr Sainte Genevieve MO 63670,https://www.zillow.com/homedetails/11030-Quail-Dr-Sainte-Genevieve-MO-63670/194429958_zpid/
5775000,3,2,1782,41.4315,House for sale,1021 Union Rd Saint Louis MO 63123,https://www.zillow.com/homedetails/1021-Union-Rd-Saint-Louis-MO-63123/2869022_zpid/
4570500,3,2,1724,40.083,Active,624 N Springfield Ave Bolivar MO 65613,https://www.zillow.com/homedetails/624-N-Springfield-Ave-Bolivar-MO-65613/230296905_zpid/
8576700,3,3,1709,39.73425,House for sale,4461 E 24th St Joplin MO 64804,https://www.zillow.com/homedetails/4461-E-24th-St-Joplin-MO-64804/213861965_zpid/
5016000,3,3,1324,30.783,House for sale,2535 Mersington Ave Kansas City MO 64127,https://www.zillow.com/homedetails/2535-Mersington-Ave-Kansas-City-MO-64127/2327706_zpid/
7095000,3,3,1456,33.852,House for sale,1072 NE 1000th Rd Windsor MO 65360,https://www.zillow.com/homedetails/1072-NE-1000th-Rd-Windsor-MO-65360/124934705_zpid/
8250000,3,2,2166,50.3595,House for sale,617 Forest Ave Kansas City MO 64106,https://www.zillow.com/homedetails/617-Forest-Ave-Kansas-City-MO-64106/2334568_zpid/
3795000,3,1,1136,26.412,House for sale,30736 Taurus Dr Rocky Mount MO 65072,https://www.zillow.com/homedetails/30736-Taurus-Dr-Rocky-Mount-MO-65072/317163078_zpid/
5375700,3,2,1840,42.78,House for sale,2818 Monterey St Saint Joseph MO 64507,https://www.zillow.com/homedetails/2818-Monterey-St-Saint-Joseph-MO-64507/110499354_zpid/
5276700,4,2,2100,48.825,House for sale,10616 Highway 160 Harviell MO 63945,https://www.zillow.com/homedetails/10616-Highway-160-Harviell-MO-63945/124942480_zpid/
6435000,4,2,1839,42.75675,House for sale,4419 Rainbow Dr Jefferson City MO 65109,https://www.zillow.com/homedetails/4419-Rainbow-Dr-Jefferson-City-MO-65109/102928099_zpid/
8745000,3,2,1335,31.03875,Active,386 Cope Ln Forsyth MO 65653,https://www.zillow.com/homedetails/386-Cope-Ln-Forsyth-MO-65653/115944848_zpid/
9867000,3,2,1427,33.17775,House for sale,26822 Marina Ln Barnett MO 65011,https://www.zillow.com/homedetails/26822-Marina-Ln-Barnett-MO-65011/317201463_zpid/
4125000,3,1,1632,37.944,House for sale,1116 S Main St Independence MO 64050,https://www.zillow.com/homedetails/1116-S-Main-St-Independence-MO-64050/2309232_zpid/
6270000,3,3,1824,42.408,House for sale,4220 NE 44th St Kansas City MO 64117,https://www.zillow.com/homedetails/4220-NE-44th-St-Kansas-City-MO-64117/66449307_zpid/
22275000,4,5,4572,106.299,House for sale,602 Whitehills Ct Lake Saint Louis MO 63367,https://www.zillow.com/homedetails/602-Whitehills-Ct-Lake-Saint-Louis-MO-63367/53453119_zpid/
5276700,3,3,1800,41.85,House for sale,49 Orchid Rd Conway MO 65632,https://www.zillow.com/homedetails/49-Orchid-Rd-Conway-MO-65632/2070770069_zpid/
15675000,3,4,3592,83.514,House for sale,6005 Old Antonia Rd Imperial MO 63052,https://www.zillow.com/homedetails/6005-Old-Antonia-Rd-Imperial-MO-63052/49715818_zpid/
6600000,3,2,1232,28.644,House for sale,2266 State Road A Montreal MO 65591,https://www.zillow.com/homedetails/2266-State-Road-A-Montreal-MO-65591/85071641_zpid/
6266700,2,2,1628,37.851,House for sale,2529 Tomahawk Dr Arnold MO 63010,https://www.zillow.com/homedetails/2529-Tomahawk-Dr-Arnold-MO-63010/49692581_zpid/
3927000,3,2,1272,29.574,House for sale,202 S Forester Dr Cape Girardeau MO 63701,https://www.zillow.com/homedetails/202-S-Forester-Dr-Cape-Girardeau-MO-63701/121197140_zpid/
7260000,3,2,1497,34.80525,House for sale,724 Winston Pl O'Fallon MO 63366,https://www.zillow.com/homedetails/724-Winston-Pl-O'Fallon-MO-63366/59945969_zpid/
3626700,3,2,1916,44.547,House for sale,725 W 4th St Sedalia MO 65301,https://www.zillow.com/homedetails/725-W-4th-St-Sedalia-MO-65301/125481377_zpid/
5936700,2,2,1060,24.645,Coming soon,1404 Horseshoe Bnd High Ridge MO 63049,https://www.zillow.com/homedetails/1404-Horseshoe-Bnd-High-Ridge-MO-63049/49696352_zpid/
6266700,3,2,1456,33.852,House for sale,708 E Grandriver St Clinton MO 64735,https://www.zillow.com/homedetails/708-E-Grandriver-St-Clinton-MO-64735/124945205_zpid/
8580000,3,2,1518,35.2935,House for sale,625 Roe St Warrensburg MO 64093,https://www.zillow.com/homedetails/625-Roe-St-Warrensburg-MO-64093/115943619_zpid/
12045000,4,4,3396,78.957,House for sale,14609 Derryhale Way Smithville MO 64089,https://www.zillow.com/homedetails/14609-Derryhale-Way-Smithville-MO-64089/66395805_zpid/
9896700,3,2,1275,29.64375,House for sale,3510 NE Monterey Ave Kansas City MO 64117,https://www.zillow.com/homedetails/3510-NE-Monterey-Ave-Kansas-City-MO-64117/2076261561_zpid/
11546700,3,3,2600,60.45,House for sale,130 Woods Dr Pacific MO 63069,https://www.zillow.com/homedetails/130-Woods-Dr-Pacific-MO-63069/67519699_zpid/
4620000,3,1,928,21.576,Auction,1513 N Hocker Ave Independence MO 64050,https://www.zillow.com/homedetails/1513-N-Hocker-Ave-Independence-MO-64050/2292701_zpid/
12206700,3,3,1696,39.432,House for sale,3033 Memphis St Saint Charles MO 63301,https://www.zillow.com/homedetails/3033-Memphis-St-Saint-Charles-MO-63301/332958875_zpid/
13167000,3,2,2298,53.4285,Active w/Contingency,655 Lon Rd Rogersville MO 65742,https://www.zillow.com/homedetails/655-Lon-Rd-Rogersville-MO-65742/2107009602_zpid/
17325000,4,4,3080,71.61,New construction,4319 Hunt Ave Saint Louis MO 63110,https://www.zillow.com/homedetails/4319-Hunt-Ave-Saint-Louis-MO-63110/2970001_zpid/
48675000,5,5,5521,128.36325,Coming soon,17708 Horse Creek Ct Chesterfield MO 63005,https://www.zillow.com/homedetails/17708-Horse-Creek-Ct-Chesterfield-MO-63005/2757785_zpid/
6765000,3,3,1144,26.598,House for sale,4022 S Vassar Ave Independence MO 64052,https://www.zillow.com/homedetails/4022-S-Vassar-Ave-Independence-MO-64052/2371349_zpid/
12870000,6,4,2840,66.03,House for sale,12209 S Faulkenberry Rd Lone Jack MO 64070,https://www.zillow.com/homedetails/12209-S-Faulkenberry-Rd-Lone-Jack-MO-64070/2448878_zpid/
4950000,3,2,2138,49.7085,Active,706 Gravel St Cassville MO 65625,https://www.zillow.com/homedetails/706-Gravel-St-Cassville-MO-65625/126125301_zpid/
4290000,2,1,1092,25.389,House for sale,395 Kathryn Dr Arnold MO 63010,https://www.zillow.com/homedetails/395-Kathryn-Dr-Arnold-MO-63010/2066493837_zpid/
7025700,3,3,2365,54.98625,House for sale,940 Aspen Dr Jackson MO 63755,https://www.zillow.com/homedetails/940-Aspen-Dr-Jackson-MO-63755/121189389_zpid/
6600000,4,2,1216,28.272,House for sale,1414 SW 100th Rd Holden MO 64040,https://www.zillow.com/homedetails/1414-SW-100th-Rd-Holden-MO-64040/2113100302_zpid/
8481000,5,3,3985,92.65125,House for sale,429 Eastlawn Ave Saint Robert MO 65584,https://www.zillow.com/homedetails/429-Eastlawn-Ave-Saint-Robert-MO-65584/126668573_zpid/
19800000,5,5,2558,59.4735,House for sale,692 Moongate Dr Osage Beach MO 65065,https://www.zillow.com/homedetails/692-Moongate-Dr-Osage-Beach-MO-65065/126819196_zpid/
10230000,3,3,1908,44.361,House for sale,12446 Sparrowwood Dr Saint Louis MO 63146,https://www.zillow.com/homedetails/12446-Sparrowwood-Dr-Saint-Louis-MO-63146/2728920_zpid/
12705000,4,3,3008,69.93599999999999,House for sale,698 NW 11th Rd Warrensburg MO 64093,https://www.zillow.com/homedetails/698-NW-11th-Rd-Warrensburg-MO-64093/106875720_zpid/
4946700,3,2,1295,30.10875,House for sale,1306 Cleveland Ave Kansas City MO 64127,https://www.zillow.com/homedetails/1306-Cleveland-Ave-Kansas-City-MO-64127/2326054_zpid/
5280000,4,2,1650,38.3625,House for sale,2514 Jules St Saint Joseph MO 64501,https://www.zillow.com/homedetails/2514-Jules-St-Saint-Joseph-MO-64501/110494989_zpid/
5115000,0,2,0,0.0,Multi-family home for sale,122 N White Ave Kansas City MO 64123,https://www.zillow.com/homedetails/122-N-White-Ave-Kansas-City-MO-64123/2282584_zpid/
10560000,3,2,1594,37.0605,House for sale,126 Hillside Mdws Saint Charles MO 63303,https://www.zillow.com/homedetails/126-Hillside-Mdws-Saint-Charles-MO-63303/2545061_zpid/
9058500,4,3,2600,60.45,House for sale,30096 Orchard Dr Lebanon MO 65536,https://www.zillow.com/homedetails/30096-Orchard-Dr-Lebanon-MO-65536/114951661_zpid/
6464700,3,2,1534,35.6655,Active,832 S Timber Ridge Dr Nixa MO 65714,https://www.zillow.com/homedetails/832-S-Timber-Ridge-Dr-Nixa-MO-65714/112482192_zpid/
10230000,3,1,1152,26.784,House for sale,35808 E County Line Rd Lone Jack MO 64070,https://www.zillow.com/homedetails/35808-E-County-Line-Rd-Lone-Jack-MO-64070/2481915_zpid/
7425000,4,2,2600,60.45,House for sale,420 County Road 112 Fayette MO 65248,https://www.zillow.com/homedetails/420-County-Road-112-Fayette-MO-65248/2076715660_zpid/
10886700,5,3,4160,96.72,House for sale,110 Hickory Rdg Waynesville MO 65583,https://www.zillow.com/homedetails/110-Hickory-Rdg-Waynesville-MO-65583/114962679_zpid/
9566700,3,2,1422,33.0615,House for sale,7053 Brooks Farm Dr House Springs MO 63051,https://www.zillow.com/homedetails/7053-Brooks-Farm-Dr-House-Springs-MO-63051/122477480_zpid/
17655000,3,3,4105,95.44125,House for sale,3232 E Windsor Ave Kansas City MO 64123,https://www.zillow.com/homedetails/3232-E-Windsor-Ave-Kansas-City-MO-64123/2077608064_zpid/
8246700,3,2,1513,35.17725,Active,1931 E 540th Rd Pleasant Hope MO 65725,https://www.zillow.com/homedetails/1931-E-540th-Rd-Pleasant-Hope-MO-65725/121526589_zpid/
9735000,3,3,1787,41.54775,House for sale,5319 NW 84th Pl Kansas City MO 64154,https://www.zillow.com/homedetails/5319-NW-84th-Pl-Kansas-City-MO-64154/2489383_zpid/
4488000,2,1,936,21.762,House for sale,1325 E 9th St Sedalia MO 65301,https://www.zillow.com/homedetails/1325-E-9th-St-Sedalia-MO-65301/125480770_zpid/
13200000,3,3,2077,48.29025,House for sale,5714 N Lakeshore Dr Hillsboro MO 63050,https://www.zillow.com/homedetails/5714-N-Lakeshore-Dr-Hillsboro-MO-63050/49721941_zpid/
16496700,4,3,3150,73.2375,Coming soon,15703 Summer Ridge Dr Chesterfield MO 63017,https://www.zillow.com/homedetails/15703-Summer-Ridge-Dr-Chesterfield-MO-63017/2779424_zpid/
2475000,1,1,800,18.6,House for sale,3654 Roswell Ave Saint Louis MO 63116,https://www.zillow.com/homedetails/3654-Roswell-Ave-Saint-Louis-MO-63116/2958709_zpid/
14025000,4,4,2914,67.7505,House for sale,28 Fallon Pass O'Fallon MO 63366,https://www.zillow.com/homedetails/28-Fallon-Pass-O'Fallon-MO-63366/2520775_zpid/
11550000,2,2,1544,35.898,House for sale,163 Triplex Dr Sunrise Beach MO 65079,https://www.zillow.com/homedetails/163-Triplex-Dr-Sunrise-Beach-MO-65079/85079878_zpid/
4785000,4,1,1044,24.273,House for sale,117 Wheeling Ave Kansas City MO 64123,https://www.zillow.com/homedetails/117-Wheeling-Ave-Kansas-City-MO-64123/2282657_zpid/
