9735000,3,2,1549,36.01425,House for sale,8312 Hammontree Dr Urbandale IA 50322,https://www.zillow.com/homedetails/8312-Hammontree-Dr-Urbandale-IA-50322/856410_zpid/
4950000,3,1,1570,36.5025,House for sale,2138 Ross St Sioux City IA 51103,https://www.zillow.com/homedetails/2138-Ross-St-Sioux-City-IA-51103/87116561_zpid/
6596700,3,2,2124,49.383,House for sale,3369 Monticello Ave Waterloo IA 50701,https://www.zillow.com/homedetails/3369-Monticello-Ave-Waterloo-IA-50701/76640729_zpid/
6765000,3,2,1106,25.7145,House for sale,3118 56th St Des Moines IA 50310,https://www.zillow.com/homedetails/3118-56th-St-Des-Moines-IA-50310/803062_zpid/
9900000,4,3,2330,54.1725,House for sale,15153 Lore Oaks Ct Dubuque IA 52002,https://www.zillow.com/homedetails/15153-Lore-Oaks-Ct-Dubuque-IA-52002/50154351_zpid/
9075000,4,3,1505,34.99125,House for sale,7617 Prairie Ave Urbandale IA 50322,https://www.zillow.com/homedetails/7617-Prairie-Ave-Urbandale-IA-50322/35973134_zpid/
10890000,5,3,2392,55.614,House for sale,8 Buena Dr Iowa City IA 52245,https://www.zillow.com/homedetails/8-Buena-Dr-Iowa-City-IA-52245/76756712_zpid/
10229967,5,4,2820,65.565,House for sale,1907 Probst Ct SW Cedar Rapids IA 52404,https://www.zillow.com/homedetails/1907-Probst-Ct-SW-Cedar-Rapids-IA-52404/81654501_zpid/
9075000,3,2,1440,33.48,House for sale,9013 Aurora Ave Urbandale IA 50322,https://www.zillow.com/homedetails/9013-Aurora-Ave-Urbandale-IA-50322/855009_zpid/
13183500,3,2,1603,37.26975,House for sale,603 1st St E Altoona IA 50009,https://www.zillow.com/homedetails/603-1st-St-E-Altoona-IA-50009/823066_zpid/
8580000,4,3,1924,44.733,House for sale,615 Pepper Dr Iowa City IA 52240,https://www.zillow.com/homedetails/615-Pepper-Dr-Iowa-City-IA-52240/76763025_zpid/
19800000,3,2,2136,49.662,House for sale,27638 Sportsmans Club Rd Adel IA 50003,https://www.zillow.com/homedetails/27638-Sportsmans-Club-Rd-Adel-IA-50003/61665490_zpid/
11220000,4,3,2380,55.335,House for sale,1211 Terrace Park Dr Bettendorf IA 52722,https://www.zillow.com/homedetails/1211-Terrace-Park-Dr-Bettendorf-IA-52722/76865729_zpid/
3861000,3,2,1238,28.7835,House for sale,1006 Kingsley Ave Waterloo IA 50701,https://www.zillow.com/homedetails/1006-Kingsley-Ave-Waterloo-IA-50701/76658046_zpid/
12705000,4,3,1798,41.8035,House for sale,840 8th St Waukee IA 50263,https://www.zillow.com/homedetails/840-8th-St-Waukee-IA-50263/296650455_zpid/
8250000,2,2,1248,29.016,House for sale,1212 Ginter Ave Iowa City IA 52240,https://www.zillow.com/homedetails/1212-Ginter-Ave-Iowa-City-IA-52240/76759526_zpid/
8415000,4,2,866,20.1345,House for sale,303 Spruce St Norwalk IA 50211,https://www.zillow.com/homedetails/303-Spruce-St-Norwalk-IA-50211/87086754_zpid/
14685000,3,3,2160,50.22,House for sale,380 NW Georgetown Dr Waukee IA 50263,https://www.zillow.com/homedetails/380-NW-Georgetown-Dr-Waukee-IA-50263/2070075678_zpid/
13695000,4,4,1700,39.525,New construction,1425 Mesa Dr Waukee IA 50263,https://www.zillow.com/homedetails/1425-Mesa-Dr-Waukee-IA-50263/2065754111_zpid/
7326000,4,2,1581,36.75825,House for sale,2410 30th St Des Moines IA 50310,https://www.zillow.com/homedetails/2410-30th-St-Des-Moines-IA-50310/798063_zpid/
7260000,3,2,1072,24.924,House for sale,1334 Broadway St Pella IA 50219,https://www.zillow.com/homedetails/1334-Broadway-St-Pella-IA-50219/87018524_zpid/
7755000,3,3,2180,50.685,House for sale,1690 Country Club Dr Marion IA 52302,https://www.zillow.com/homedetails/1690-Country-Club-Dr-Marion-IA-52302/2065548401_zpid/
15176700,3,2,1875,43.59375,House for sale,6618 Hampton Ct Johnston IA 50131,https://www.zillow.com/homedetails/6618-Hampton-Ct-Johnston-IA-50131/101592085_zpid/
10065000,4,3,2418,56.2185,House for sale,2428 Pine Ct Van Meter IA 50261,https://www.zillow.com/homedetails/2428-Pine-Ct-Van-Meter-IA-50261/61673665_zpid/
9896700,3,3,1803,41.91975,House for sale,1006 N O St Indianola IA 50125,https://www.zillow.com/homedetails/1006-N-O-St-Indianola-IA-50125/87082212_zpid/
15790500,4,3,1758,40.8735,House for sale,1505 NW Calista St Grimes IA 50111,https://www.zillow.com/homedetails/1505-NW-Calista-St-Grimes-IA-50111/80438425_zpid/
6596700,4,3,1120,26.04,House for sale,912 15th St Perry IA 50220,https://www.zillow.com/homedetails/912-15th-St-Perry-IA-50220/61661828_zpid/
9801000,4,3,2374,55.1955,House for sale,7126 Prairie Heights Dr SW Cedar Rapids IA 52404,https://www.zillow.com/homedetails/7126-Prairie-Heights-Dr-SW-Cedar-Rapids-IA-52404/73082318_zpid/
11876700,4,3,1354,31.4805,House for sale,3213 NW Trestle Point Dr Ankeny IA 50023,https://www.zillow.com/homedetails/3213-NW-Trestle-Point-Dr-Ankeny-IA-50023/125448597_zpid/
8250000,3,2,1349,31.36425,House for sale,2844 Highway 117 S Colfax IA 50054,https://www.zillow.com/homedetails/2844-Highway-117-S-Colfax-IA-50054/86975388_zpid/
4946700,3,1,1071,24.90075,House for sale,1324 College Ave Des Moines IA 50314,https://www.zillow.com/homedetails/1324-College-Ave-Des-Moines-IA-50314/790651_zpid/
20790000,4,4,1831,42.57075,House for sale,2746 NW 161st St Clive IA 50325,https://www.zillow.com/homedetails/2746-NW-161st-St-Clive-IA-50325/61668241_zpid/
16137000,4,3,3120,72.54,House for sale,943 Forest Edge Cir Coralville IA 52241,https://www.zillow.com/homedetails/943-Forest-Edge-Cir-Coralville-IA-52241/76774561_zpid/
4785000,3,2,1283,29.82975,House for sale,1003 11th St Nevada IA 50201,https://www.zillow.com/homedetails/1003-11th-St-Nevada-IA-50201/93946732_zpid/
7260000,3,2,1090,25.3425,House for sale,548 Forest Gln Ames IA 50014,https://www.zillow.com/homedetails/548-Forest-Gln-Ames-IA-50014/115842104_zpid/
16830000,5,5,3265,75.91125,House for sale,201 Oak Blvd Huxley IA 50124,https://www.zillow.com/homedetails/201-Oak-Blvd-Huxley-IA-50124/93948071_zpid/
7421700,3,2,969,22.52925,House for sale,514 NE 3rd St Ankeny IA 50021,https://www.zillow.com/homedetails/514-NE-3rd-St-Ankeny-IA-50021/829177_zpid/
6270000,4,2,1818,42.2685,House for sale,3120 SW 12th St Des Moines IA 50315,https://www.zillow.com/homedetails/3120-SW-12th-St-Des-Moines-IA-50315/765621_zpid/
6596700,3,1,1706,39.6645,House for sale,2623 Western Ave Davenport IA 52803,https://www.zillow.com/homedetails/2623-Western-Ave-Davenport-IA-52803/76848591_zpid/
6567000,3,2,1734,40.3155,House for sale,2710 12th Ave SW Cedar Rapids IA 52404,https://www.zillow.com/homedetails/2710-12th-Ave-SW-Cedar-Rapids-IA-52404/2075830130_zpid/
12536700,5,4,3316,77.097,House for sale,6109 Apache Ct Asbury IA 52002,https://www.zillow.com/homedetails/6109-Apache-Ct-Asbury-IA-52002/61724173_zpid/
19800000,4,3,1727,40.15275,House for sale,20725 Highway J5t Moravia IA 52571,https://www.zillow.com/homedetails/20725-Highway-J5t-Moravia-IA-52571/299484466_zpid/
4702500,2,2,1176,27.342,Townhouse for sale,1323 SE Delaware Ave APT 3 Ankeny IA 50021,https://www.zillow.com/homedetails/1323-SE-Delaware-Ave-APT-3-Ankeny-IA-50021/832448_zpid/
6352500,3,2,1259,29.27175,House for sale,212 Arizona Ave NW Orange City IA 51041,https://www.zillow.com/homedetails/212-Arizona-Ave-NW-Orange-City-IA-51041/251499100_zpid/
8250000,5,3,1033,24.01725,House for sale,601 17th St West Des Moines IA 50265,https://www.zillow.com/homedetails/601-17th-St-West-Des-Moines-IA-50265/870489_zpid/
8745000,4,2,1690,39.2925,House for sale,1216 Burnett Ave Ames IA 50010,https://www.zillow.com/homedetails/1216-Burnett-Ave-Ames-IA-50010/93958267_zpid/
3956700,5,2,3300,76.725,House for sale,711 W Adams St Creston IA 50801,https://www.zillow.com/homedetails/711-W-Adams-St-Creston-IA-50801/247179002_zpid/
7025700,4,1,1705,39.64125,House for sale,2672 State Highway 2 Bedford IA 50833,https://www.zillow.com/homedetails/2672-State-Highway-2-Bedford-IA-50833/76874902_zpid/
7293000,0,0,1825,42.43125,Multi-family home for sale,3304 West St #101 & 201 Ames IA 50014,https://www.zillow.com/homedetails/3304-West-St-101-201-Ames-IA-50014/2065511504_zpid/
5197500,3,2,1485,34.52625,House for sale,914 E Williams St Ottumwa IA 52501,https://www.zillow.com/homedetails/914-E-Williams-St-Ottumwa-IA-52501/76882060_zpid/
5775000,4,2,1326,30.8295,House for sale,4132 E 27th St Des Moines IA 50317,https://www.zillow.com/homedetails/4132-E-27th-St-Des-Moines-IA-50317/778087_zpid/
7161000,4,4,2262,52.5915,House for sale,1105 28th St SE Cedar Rapids IA 52403,https://www.zillow.com/homedetails/1105-28th-St-SE-Cedar-Rapids-IA-52403/73069369_zpid/
9075000,4,1,2660,61.845,House for sale,2308 300th St Exira IA 50076,https://www.zillow.com/homedetails/2308-300th-St-Exira-IA-50076/86873996_zpid/
7260000,3,2,1607,37.36275,House for sale,417 Main St Maxwell IA 50161,https://www.zillow.com/homedetails/417-Main-St-Maxwell-IA-50161/93949754_zpid/
9883500,2,2,1588,36.921,House for sale,225 Hickory Ln Otley IA 50214,https://www.zillow.com/homedetails/225-Hickory-Ln-Otley-IA-50214/120940233_zpid/
9240000,3,3,1682,39.1065,House for sale,816 N 14th Ave Winterset IA 50273,https://www.zillow.com/homedetails/816-N-14th-Ave-Winterset-IA-50273/117955624_zpid/
8580000,3,2,2064,47.988,House for sale,340 N Stewart St North Liberty IA 52317,https://www.zillow.com/homedetails/340-N-Stewart-St-North-Liberty-IA-52317/76770876_zpid/
6101700,3,1,962,22.3665,House for sale,1624 45th St Des Moines IA 50310,https://www.zillow.com/homedetails/1624-45th-St-Des-Moines-IA-50310/807086_zpid/
8745000,4,3,1918,44.5935,House for sale,404 S 8th St Eldridge IA 52748,https://www.zillow.com/homedetails/404-S-8th-St-Eldridge-IA-52748/76872508_zpid/
4933500,2,2,1192,27.714,Townhouse for sale,1307 SE University Ave UNIT 108 Waukee IA 50263,https://www.zillow.com/homedetails/1307-SE-University-Ave-UNIT-108-Waukee-IA-50263/2065540623_zpid/
2277000,1,1,756,17.576999999999998,House for sale,1401 11th St NW Cedar Rapids IA 52405,https://www.zillow.com/homedetails/1401-11th-St-NW-Cedar-Rapids-IA-52405/113103464_zpid/
10725000,3,1,1538,35.7585,House for sale,13170 Summerset Rd Indianola IA 50125,https://www.zillow.com/homedetails/13170-Summerset-Rd-Indianola-IA-50125/87076883_zpid/
10493967,3,3,1416,32.922,House for sale,5303 SW Somersby Dr Ankeny IA 50023,https://www.zillow.com/homedetails/5303-SW-Somersby-Dr-Ankeny-IA-50023/69853499_zpid/
9883500,4,3,2002,46.5465,House for sale,1214 Prairie Rose Dr SW Cedar Rapids IA 52404,https://www.zillow.com/homedetails/1214-Prairie-Rose-Dr-SW-Cedar-Rapids-IA-52404/111212255_zpid/
6270000,3,1,908,21.111,House for sale,1501 Carrie Ave Des Moines IA 50315,https://www.zillow.com/homedetails/1501-Carrie-Ave-Des-Moines-IA-50315/820294_zpid/
7425000,3,2,960,22.32,House for sale,626 Edwards Dr Ottumwa IA 52501,https://www.zillow.com/homedetails/626-Edwards-Dr-Ottumwa-IA-52501/76881130_zpid/
39583500,4,5,2665,61.96125,House for sale,2318 167th Pl Ames IA 50014,https://www.zillow.com/homedetails/2318-167th-Pl-Ames-IA-50014/248446921_zpid/
16005000,4,3,1700,39.525,House for sale,1061 Aaron Ct Adel IA 50003,https://www.zillow.com/homedetails/1061-Aaron-Ct-Adel-IA-50003/214319032_zpid/
5445000,3,2,1138,26.4585,House for sale,1031 30th St NE Cedar Rapids IA 52402,https://www.zillow.com/homedetails/1031-30th-St-NE-Cedar-Rapids-IA-52402/73060866_zpid/
14846700,5,3,1644,38.223,House for sale,1908 NW Harvest Dr Grimes IA 50111,https://www.zillow.com/homedetails/1908-NW-Harvest-Dr-Grimes-IA-50111/122268658_zpid/
2966700,3,2,1462,33.9915,House for sale,1237 6th Ave N Fort Dodge IA 50501,https://www.zillow.com/homedetails/1237-6th-Ave-N-Fort-Dodge-IA-50501/76892047_zpid/
20625000,5,3,1898,44.1285,House for sale,1609 NW Seasons Dr Ankeny IA 50023,https://www.zillow.com/homedetails/1609-NW-Seasons-Dr-Ankeny-IA-50023/241614777_zpid/
9735000,5,3,2678,62.2635,House for sale,2165 Stewart Dr Washington IA 52353,https://www.zillow.com/homedetails/2165-Stewart-Dr-Washington-IA-52353/87092816_zpid/
13035000,5,3,2943,68.42475,House for sale,3545 Faulkner Ave Marion IA 52302,https://www.zillow.com/homedetails/3545-Faulkner-Ave-Marion-IA-52302/124310262_zpid/
8085000,3,2,1759,40.89675,House for sale,967 X Ave Boone IA 50036,https://www.zillow.com/homedetails/967-X-Ave-Boone-IA-50036/93829553_zpid/
1105500,3,2,1232,28.644,House for sale,605 E 5th St N Newton IA 50208,https://www.zillow.com/homedetails/605-E-5th-St-N-Newton-IA-50208/97314408_zpid/
8547000,4,3,1871,43.50075,House for sale,2648 Clearview Heights Rd Fort Madison IA 52627,https://www.zillow.com/homedetails/2648-Clearview-Heights-Rd-Fort-Madison-IA-52627/86994822_zpid/
5474700,2,2,1501,34.89825,House for sale,222 S 2nd St Le Claire IA 52753,https://www.zillow.com/homedetails/222-S-2nd-St-Le-Claire-IA-52753/94744680_zpid/
821700,2,2,1200,27.9,House for sale,505 7th St Burt IA 50522,https://www.zillow.com/homedetails/505-7th-St-Burt-IA-50522/231277873_zpid/
14025000,5,3,1788,41.571,House for sale,1804 Aldrich Ave Boone IA 50036,https://www.zillow.com/homedetails/1804-Aldrich-Ave-Boone-IA-50036/86880183_zpid/
3927000,3,1,994,23.1105,House for sale,309 E 10th St S Newton IA 50208,https://www.zillow.com/homedetails/309-E-10th-St-S-Newton-IA-50208/86982207_zpid/
4286700,5,3,3832,89.094,House for sale,711 Roscoe Ave Muscatine IA 52761,https://www.zillow.com/homedetails/711-Roscoe-Ave-Muscatine-IA-52761/87037798_zpid/
9896700,5,2,1848,42.966,House for sale,1805 Pheasant Ave Audubon IA 50025,https://www.zillow.com/homedetails/1805-Pheasant-Ave-Audubon-IA-50025/86875206_zpid/
9075000,4,2,1768,41.106,House for sale,320 W 5th St Wilton IA 52778,https://www.zillow.com/homedetails/320-W-5th-St-Wilton-IA-52778/224545600_zpid/
4620000,3,3,2020,46.965,House for sale,1017 Burnett Ave Ames IA 50010,https://www.zillow.com/homedetails/1017-Burnett-Ave-Ames-IA-50010/93958379_zpid/
10395000,3,3,1410,32.7825,House for sale,804 NE 12th St Grimes IA 50111,https://www.zillow.com/homedetails/804-NE-12th-St-Grimes-IA-50111/101584104_zpid/
9236700,3,2,1784,41.478,House for sale,702 E Ross St Toledo IA 52342,https://www.zillow.com/homedetails/702-E-Ross-St-Toledo-IA-52342/126777656_zpid/
27716700,3,4,1615,37.54875,House for sale,3570 NW 84th Ave Ankeny IA 50023,https://www.zillow.com/homedetails/3570-NW-84th-Ave-Ankeny-IA-50023/119099720_zpid/
8246700,3,2,1248,29.016,Home for sale,8187 NE 94th Ave Bondurant IA 50035,https://www.zillow.com/homedetails/8187-NE-94th-Ave-Bondurant-IA-50035/837867_zpid/
3795000,3,2,2416,56.172,Multi-family home for sale,336 W Marion St Marengo IA 52301,https://www.zillow.com/homedetails/336-W-Marion-St-Marengo-IA-52301/233878067_zpid/
3597000,3,1,1370,31.8525,House for sale,222 W Market St Lisbon IA 52253,https://www.zillow.com/homedetails/222-W-Market-St-Lisbon-IA-52253/73080540_zpid/
5276700,3,2,1296,30.132,House for sale,3142 S Ave Chelsea IA 52215,https://www.zillow.com/homedetails/3142-S-Ave-Chelsea-IA-52215/2066935874_zpid/
1316700,4,1,1642,38.1765,House for sale,2464 McKinley Ave Keokuk IA 52632,https://www.zillow.com/homedetails/2464-McKinley-Ave-Keokuk-IA-52632/87000165_zpid/
1237500,4,1,1904,44.268,House for sale,518 Summer St Burlington IA 52601,https://www.zillow.com/homedetails/518-Summer-St-Burlington-IA-52601/67200301_zpid/
293700000,5,6,10241,238.10325,House for sale,3800 Fuller Rd West Des Moines IA 50265,https://www.zillow.com/homedetails/3800-Fuller-Rd-West-Des-Moines-IA-50265/859623_zpid/
7260000,3,2,1848,42.966,House for sale,3190 122nd St Amana IA 52203,https://www.zillow.com/homedetails/3190-122nd-St-Amana-IA-52203/86971108_zpid/
4785000,1,1,774,17.9955,House for sale,5 Andy Mountain Ln Harpers Ferry IA 52146,https://www.zillow.com/homedetails/5-Andy-Mountain-Ln-Harpers-Ferry-IA-52146/2068395170_zpid/
1613700,2,1,812,18.879,Foreclosure,709 King St Gladbrook IA 50635,https://www.zillow.com/homedetails/709-King-St-Gladbrook-IA-50635/193837845_zpid/
9075000,3,2,1216,28.272,House for sale,15336 K Ave Perry IA 50220,https://www.zillow.com/homedetails/15336-K-Ave-Perry-IA-50220/61662532_zpid/
3432000,3,1,894,20.7855,House for sale,2446 Wisconsin St SW Cedar Rapids IA 52404,https://www.zillow.com/homedetails/2446-Wisconsin-St-SW-Cedar-Rapids-IA-52404/73074362_zpid/
2966700,3,2,1411,32.80575,House for sale,1115 7th Ave S Clinton IA 52732,https://www.zillow.com/homedetails/1115-7th-Ave-S-Clinton-IA-52732/76725444_zpid/
12375000,3,2,1752,40.734,House for sale,343 280th St West Branch IA 52358,https://www.zillow.com/homedetails/343-280th-St-West-Branch-IA-52358/86891336_zpid/
7916700,4,2,2425,56.38125,House for sale,408 C Ave Kalona IA 52247,https://www.zillow.com/homedetails/408-C-Ave-Kalona-IA-52247/231519515_zpid/
14190000,4,3,2465,57.31125,House for sale,7014 Country Ridge Dr NW Cedar Rapids IA 52405,https://www.zillow.com/homedetails/7014-Country-Ridge-Dr-NW-Cedar-Rapids-IA-52405/2116713252_zpid/
6270000,3,2,1320,30.69,House for sale,215 E Otis St Walcott IA 52773,https://www.zillow.com/homedetails/215-E-Otis-St-Walcott-IA-52773/94743779_zpid/
3791700,2,2,1007,23.41275,House for sale,1828 10th St Des Moines IA 50314,https://www.zillow.com/homedetails/1828-10th-St-Des-Moines-IA-50314/791653_zpid/
5771700,3,2,1102,25.6215,House for sale,6807 SW 16th St Des Moines IA 50315,https://www.zillow.com/homedetails/6807-SW-16th-St-Des-Moines-IA-50315/816163_zpid/
9900000,4,3,2080,48.36,House for sale,4108 46th St Des Moines IA 50310,https://www.zillow.com/homedetails/4108-46th-St-Des-Moines-IA-50310/809018_zpid/
5771700,5,1,1588,36.921,House for sale,205 Fremont St SW Blairstown IA 52209,https://www.zillow.com/homedetails/205-Fremont-St-SW-Blairstown-IA-52209/122785382_zpid/
3630000,2,1,926,21.5295,House for sale,1109 State St Cedar Falls IA 50613,https://www.zillow.com/homedetails/1109-State-St-Cedar-Falls-IA-50613/76667749_zpid/
4620000,2,1,1050,24.4125,House for sale,302 Lincoln Ave Malvern IA 51551,https://www.zillow.com/homedetails/302-Lincoln-Ave-Malvern-IA-51551/93884520_zpid/
4946700,3,2,1805,41.96625,House for sale,1946 Arlington Ave Des Moines IA 50314,https://www.zillow.com/homedetails/1946-Arlington-Ave-Des-Moines-IA-50314/791720_zpid/
5936700,3,2,1232,28.644,Townhouse for sale,8708 Alpine Dr #B Urbandale IA 50322,https://www.zillow.com/homedetails/8708-Alpine-Dr-B-Urbandale-IA-50322/854847_zpid/
6435000,4,2,1312,30.504,House for sale,525 N Williams St Shell Rock IA 50670,https://www.zillow.com/homedetails/525-N-Williams-St-Shell-Rock-IA-50670/231211913_zpid/
1481700,5,2,2600,60.45,House for sale,404 Main St Dickens IA 51333,https://www.zillow.com/homedetails/404-Main-St-Dickens-IA-51333/117853902_zpid/
5280000,2,2,1534,35.6655,House for sale,1417 38th St SE Cedar Rapids IA 52403,https://www.zillow.com/homedetails/1417-38th-St-SE-Cedar-Rapids-IA-52403/73069837_zpid/
5577000,2,2,1080,25.11,House for sale,212 E 12th St N Newton IA 50208,https://www.zillow.com/homedetails/212-E-12th-St-N-Newton-IA-50208/86982715_zpid/
4946700,5,4,3686,85.6995,House for sale,315 E Bertha St Paullina IA 51046,https://www.zillow.com/homedetails/315-E-Bertha-St-Paullina-IA-51046/2066441844_zpid/
491700,3,1,1056,24.552,House for sale,412 4th Ave N Clinton IA 52732,https://www.zillow.com/homedetails/412-4th-Ave-N-Clinton-IA-52732/76727198_zpid/
1897500,3,2,1067,24.80775,House for sale,302 W Washington St Knoxville IA 50138,https://www.zillow.com/homedetails/302-W-Washington-St-Knoxville-IA-50138/126097091_zpid/
2306700,2,1,900,20.925,House for sale,1006 Williston Ave Waterloo IA 50702,https://www.zillow.com/homedetails/1006-Williston-Ave-Waterloo-IA-50702/76662453_zpid/
4616700,3,1,1050,24.4125,House for sale,517 Lincoln Dr Webster City IA 50595,https://www.zillow.com/homedetails/517-Lincoln-Dr-Webster-City-IA-50595/86950774_zpid/
9240000,4,4,2240,52.08,Townhouse for sale,1602 NW 4th St Ankeny IA 50023,https://www.zillow.com/homedetails/1602-NW-4th-St-Ankeny-IA-50023/828583_zpid/
7870500,3,2,368,8.556,House for sale,509 E 2nd St Madrid IA 50156,https://www.zillow.com/homedetails/509-E-2nd-St-Madrid-IA-50156/86875594_zpid/
6266700,2,1,868,20.181,House for sale,3014 Leado Ave Des Moines IA 50310,https://www.zillow.com/homedetails/3014-Leado-Ave-Des-Moines-IA-50310/809448_zpid/
4191000,4,2,4000,93.0,House for sale,805 W Montgomery St Creston IA 50801,https://www.zillow.com/homedetails/805-W-Montgomery-St-Creston-IA-50801/247179028_zpid/
3217500,3,2,1854,43.1055,House for sale,512 8th St NW Mason City IA 50401,https://www.zillow.com/homedetails/512-8th-St-NW-Mason-City-IA-50401/86910756_zpid/
3960000,3,2,2389,55.54425,House for sale,803 32nd St Sioux City IA 51104,https://www.zillow.com/homedetails/803-32nd-St-Sioux-City-IA-51104/87113185_zpid/
8679000,4,2,2860,66.495,House for sale,4814 6th Ave Sioux City IA 51106,https://www.zillow.com/homedetails/4814-6th-Ave-Sioux-City-IA-51106/87104362_zpid/
12200100,5,3,2982,69.3315,House for sale,11501 210th St Rockwell IA 50469,https://www.zillow.com/homedetails/11501-210th-St-Rockwell-IA-50469/86895921_zpid/
5279967,3,1,1424,33.108,House for sale,30799 Highway 34 Russell IA 50238,https://www.zillow.com/homedetails/30799-Highway-34-Russell-IA-50238/97316037_zpid/
57750000,5,6,7249,168.53925,House for sale,6910 Spring Grove Ct NE Cedar Rapids IA 52411,https://www.zillow.com/homedetails/6910-Spring-Grove-Ct-NE-Cedar-Rapids-IA-52411/2065521414_zpid/
5214000,2,2,1617,37.59525,House for sale,705 Aspen St Cherokee IA 51012,https://www.zillow.com/homedetails/705-Aspen-St-Cherokee-IA-51012/86916522_zpid/
8745000,2,2,1413,32.85225,House for sale,2114 Thornton Dr Des Moines IA 50321,https://www.zillow.com/homedetails/2114-Thornton-Dr-Des-Moines-IA-50321/769360_zpid/
458700,0,0,2344,54.498,House for sale,401 Main St Swaledale IA 50477,https://www.zillow.com/homedetails/401-Main-St-Swaledale-IA-50477/246806716_zpid/
4785000,2,3,1195,27.78375,Townhouse for sale,2100 Meadow Chase Ln UNIT 307 Des Moines IA 50320,https://www.zillow.com/homedetails/2100-Meadow-Chase-Ln-UNIT-307-Des-Moines-IA-50320/68182909_zpid/
4950000,3,2,1556,36.177,House for sale,1315 N 6th Ave Washington IA 52353,https://www.zillow.com/homedetails/1315-N-6th-Ave-Washington-IA-52353/87090212_zpid/
5445000,2,1,816,18.972,House for sale,1221 W Washington St Winterset IA 50273,https://www.zillow.com/homedetails/1221-W-Washington-St-Winterset-IA-50273/87010586_zpid/
12866700,4,3,2566,59.6595,House for sale,1101 S Oak Ln Blue Grass IA 52726,https://www.zillow.com/homedetails/1101-S-Oak-Ln-Blue-Grass-IA-52726/76860575_zpid/
8560200,3,1,2220,51.615,House for sale,6945 Colonial Ave Bettendorf IA 52722,https://www.zillow.com/homedetails/6945-Colonial-Ave-Bettendorf-IA-52722/93941269_zpid/
3795000,3,1,984,22.878,House for sale,516 8th Ave W Spencer IA 51301,https://www.zillow.com/homedetails/516-8th-Ave-W-Spencer-IA-51301/76697153_zpid/
7788000,3,2,1640,38.13,House for sale,298 Hickory Ct Tiffin IA 52340,https://www.zillow.com/homedetails/298-Hickory-Ct-Tiffin-IA-52340/123319535_zpid/
7441500,3,3,1520,35.34,New construction,2316 Hazeltine Pl Norwalk IA 50211,https://www.zillow.com/homedetails/2316-Hazeltine-Pl-Norwalk-IA-50211/307102643_zpid/
5606700,2,1,1300,30.225,House for sale,3229 242nd Ave Keokuk IA 52632,https://www.zillow.com/homedetails/3229-242nd-Ave-Keokuk-IA-52632/86999584_zpid/
6266700,3,2,1313,30.52725,House for sale,1009 270th St Batavia IA 52533,https://www.zillow.com/homedetails/1009-270th-St-Batavia-IA-52533/2065716804_zpid/
4913700,3,3,2002,46.5465,House for sale,500 3rd Ave N Clear Lake IA 50428,https://www.zillow.com/homedetails/500-3rd-Ave-N-Clear-Lake-IA-50428/86898592_zpid/
3630000,0,2,3164,73.563,House for sale,105 Main St Keystone IA 52249,https://www.zillow.com/homedetails/105-Main-St-Keystone-IA-52249/299688596_zpid/
330000,3,0,1719,39.96675,House for sale,1658 Baker Ave West Branch IA 52358,https://www.zillow.com/homedetails/1658-Baker-Ave-West-Branch-IA-52358/231242672_zpid/
1980000,2,1,0,0.0,House for sale,3206 Scott Ave Des Moines IA 50317,https://www.zillow.com/homedetails/3206-Scott-Ave-Des-Moines-IA-50317/774906_zpid/
4550700,3,1,864,20.088,House for sale,1608 Carpenter Ave Des Moines IA 50314,https://www.zillow.com/homedetails/1608-Carpenter-Ave-Des-Moines-IA-50314/789769_zpid/
4616700,2,1,963,22.38975,House for sale,713 W Oak St Sigourney IA 52591,https://www.zillow.com/homedetails/713-W-Oak-St-Sigourney-IA-52591/2065525314_zpid/
5692500,3,2,1000,23.25,House for sale,606 Winchester Dr Ottumwa IA 52501,https://www.zillow.com/homedetails/606-Winchester-Dr-Ottumwa-IA-52501/76881896_zpid/
11517000,4,3,2840,66.03,House for sale,2053 Wyoming Hills Rd Muscatine IA 52761,https://www.zillow.com/homedetails/2053-Wyoming-Hills-Rd-Muscatine-IA-52761/93931867_zpid/
5940000,2,1,1155,26.85375,House for sale,420 Zinnia Rd Exira IA 50076,https://www.zillow.com/homedetails/420-Zinnia-Rd-Exira-IA-50076/243626761_zpid/
808500,2,1,886,20.5995,House for sale,504 Monroe St Geneva IA 50633,https://www.zillow.com/homedetails/504-Monroe-St-Geneva-IA-50633/123313725_zpid/
158400,1,2,3600,83.7,House for sale,108 N West St Henderson IA 51541,https://www.zillow.com/homedetails/108-N-West-St-Henderson-IA-51541/93883632_zpid/
990000,2,1,1020,23.715,Foreclosure,658 Marengo Ave Marengo IA 52301,https://www.zillow.com/homedetails/658-Marengo-Ave-Marengo-IA-52301/86972806_zpid/
5692500,3,1,1109,25.78425,House for sale,519 Main St Fairfax IA 52228,https://www.zillow.com/homedetails/519-Main-St-Fairfax-IA-52228/73099742_zpid/
13196700,3,3,2448,56.916,House for sale,1403 Stone Ln Waverly IA 50677,https://www.zillow.com/homedetails/1403-Stone-Ln-Waverly-IA-50677/113281251_zpid/
2240700,3,1,1197,27.83025,House for sale,606 E Main St Brighton IA 52540,https://www.zillow.com/homedetails/606-E-Main-St-Brighton-IA-52540/231525634_zpid/
2310000,2,1,376,8.741999999999999,House for sale,1803 Washington Ave Des Moines IA 50314,https://www.zillow.com/homedetails/1803-Washington-Ave-Des-Moines-IA-50314/789455_zpid/
1069200,0,1,1424,33.108,House for sale,30559 249th Ave Burnside IA 50521,https://www.zillow.com/homedetails/30559-249th-Ave-Burnside-IA-50521/93969286_zpid/
4286700,3,1,840,19.53,House for sale,700 4th St La Porte City IA 50651,https://www.zillow.com/homedetails/700-4th-St-La-Porte-City-IA-50651/76633209_zpid/
45375000,6,5,3195,74.28375,House for sale,3572 NW 75th Pl Ankeny IA 50023,https://www.zillow.com/homedetails/3572-NW-75th-Pl-Ankeny-IA-50023/101585688_zpid/
25410000,5,6,6618,153.8685,House for sale,3963 Highlands Ln SE Cedar Rapids IA 52403,https://www.zillow.com/homedetails/3963-Highlands-Ln-SE-Cedar-Rapids-IA-52403/73060197_zpid/
1155000,4,1,960,22.32,House for sale,405 S Morehouse St Bancroft IA 50517,https://www.zillow.com/homedetails/405-S-Morehouse-St-Bancroft-IA-50517/86992382_zpid/
5428500,3,2,1144,26.598,New construction,14521 Valley View Dr Mystic IA 52574,https://www.zillow.com/homedetails/14521-Valley-View-Dr-Mystic-IA-52574/231186440_zpid/
6567000,4,2,1560,36.27,House for sale,997 Cleveland Ave Dubuque IA 52003,https://www.zillow.com/homedetails/997-Cleveland-Ave-Dubuque-IA-52003/50168666_zpid/
9735000,5,2,1728,40.176,House for sale,18285 New Donnan Rd Fayette IA 52142,https://www.zillow.com/homedetails/18285-New-Donnan-Rd-Fayette-IA-52142/113433113_zpid/
3135000,3,2,1944,45.198,House for sale,108 S Connecticut Ave Mason City IA 50401,https://www.zillow.com/homedetails/108-S-Connecticut-Ave-Mason-City-IA-50401/86903383_zpid/
7425000,2,3,1480,34.41,Townhouse for sale,2675 82nd St Urbandale IA 50322,https://www.zillow.com/homedetails/2675-82nd-St-Urbandale-IA-50322/851835_zpid/
5775000,3,3,1730,40.2225,New construction,385 Timber Montezuma IA 50171,https://www.zillow.com/homedetails/385-Timber-Montezuma-IA-50171/2092765378_zpid/
11549670,4,1,1335,31.03875,House for sale,2108 Earlham Rd Winterset IA 50273,https://www.zillow.com/homedetails/2108-Earlham-Rd-Winterset-IA-50273/87008261_zpid/
4286700,3,2,1344,31.248,House for sale,305 W Main St Le Grand IA 50142,https://www.zillow.com/homedetails/305-W-Main-St-Le-Grand-IA-50142/84427489_zpid/
5247000,2,1,1032,23.994,House for sale,1460 Jade St Kellogg IA 50135,https://www.zillow.com/homedetails/1460-Jade-St-Kellogg-IA-50135/86974975_zpid/
10411500,3,3,1494,34.7355,New construction,180 Aspen Dr Norwalk IA 50211,https://www.zillow.com/homedetails/180-Aspen-Dr-Norwalk-IA-50211/333726807_zpid/
16826700,5,4,2691,62.56575,House for sale,6714 Peckham St Johnston IA 50131,https://www.zillow.com/homedetails/6714-Peckham-St-Johnston-IA-50131/69850963_zpid/
2145000,3,1,1197,27.83025,House for sale,111 5th St S Central City IA 52214,https://www.zillow.com/homedetails/111-5th-St-S-Central-City-IA-52214/81659004_zpid/
5940000,2,1,797,18.53025,House for sale,709 S 7th Ave Iowa City IA 52240,https://www.zillow.com/homedetails/709-S-7th-Ave-Iowa-City-IA-52240/76758978_zpid/
7586700,3,2,1215,28.24875,House for sale,1849 Highway 5 Albia IA 52531,https://www.zillow.com/homedetails/1849-Highway-5-Albia-IA-52531/87026353_zpid/
