594900,19631700,5,3,3704,86.118,House for sale,"2650 Kunzer Beach Ln, Little Suamico, WI 54141",https://www.zillow.com/homedetails/2650-Kunzer-Beach-Ln-Little-Suamico-WI-54141/105028735_zpid/
99900,3296700,4,2,1668,38.781,House for sale,"1238 N 33rd St, Milwaukee, WI 53208",https://www.zillow.com/homedetails/1238-N-33rd-St-Milwaukee-WI-53208/40467483_zpid/
214900,7091700,2,2,1132,26.319,House for sale,"320 Wave Trl, Nekoosa, WI 54457",https://www.zillow.com/homedetails/320-Wave-Trl-Nekoosa-WI-54457/120448672_zpid/
399900,13196700,3,2,1608,37.386,House for sale,"11231 Musky Bay Ln, Minocqua, WI 54548",https://www.zillow.com/homedetails/11231-Musky-Bay-Ln-Minocqua-WI-54548/226296945_zpid/
369999,12209967,3,3,2523,58.65975,House for sale,"2489 Woodington Way, Suamico, WI 54173",https://www.zillow.com/homedetails/2489-Woodington-Way-Suamico-WI-54173/51157826_zpid/
274900,9071700,4,3,2207,51.31275,House for sale,"1410 Melissa Ct, Plover, WI 54467",https://www.zillow.com/homedetails/1410-Melissa-Ct-Plover-WI-54467/79405264_zpid/
189900,6266700,3,2,1348,31.341,House for sale,"4530 W Manitoba St, Milwaukee, WI 53219",https://www.zillow.com/homedetails/4530-W-Manitoba-St-Milwaukee-WI-53219/40496249_zpid/
399000,13167000,3,2,2484,57.753,House for sale,"8700 McHenry St, Burlington, WI 53105",https://www.zillow.com/homedetails/8700-McHenry-St-Burlington-WI-53105/52226579_zpid/
259900,8576700,3,4,2160,50.22,House for sale,"3064 Water St, Stevens Point, WI 54481",https://www.zillow.com/homedetails/3064-Water-St-Stevens-Point-WI-54481/79412929_zpid/
259900,8576700,3,3,1440,33.48,House for sale,"6320 53rd Ave, Kenosha, WI 53142",https://www.zillow.com/homedetails/6320-53rd-Ave-Kenosha-WI-53142/40307891_zpid/
279900,9236700,3,2,1792,41.664,House for sale,"1480 Scout Lake Rd, Fence, WI 54120",https://www.zillow.com/homedetails/1480-Scout-Lake-Rd-Fence-WI-54120/104972508_zpid/
199900,6596700,4,1,2539,59.03175,House for sale,"279 State Highway 23, Wisconsin Dells, WI 53965",https://www.zillow.com/homedetails/279-State-Highway-23-Wisconsin-Dells-WI-53965/2065884489_zpid/
299000,9867000,3,2,1960,45.57,House for sale,"N3657 County Rd E, Waupaca, WI 54981",https://www.zillow.com/homedetails/N3657-County-Rd-E-Waupaca-WI-54981/115884690_zpid/
118046,3895518,3,2,2300,53.475,House for sale,"11134 W Kelsey Rd, Hayward, WI 54843",https://www.zillow.com/homedetails/11134-W-Kelsey-Rd-Hayward-WI-54843/105096465_zpid/
175000,5775000,3,2,1480,34.41,House for sale,"1507 E College Ave, Appleton, WI 54915",https://www.zillow.com/homedetails/1507-E-College-Ave-Appleton-WI-54915/69769255_zpid/
229900,7586700,4,2,1600,37.2,House for sale,"1615 E Moon Beam Trl, Appleton, WI 54915",https://www.zillow.com/homedetails/1615-E-Moon-Beam-Trl-Appleton-WI-54915/69797682_zpid/
335000,11055000,3,3,1792,41.664,House for sale,"600 Doerfler Dr, Kimberly, WI 54136",https://www.zillow.com/homedetails/600-Doerfler-Dr-Kimberly-WI-54136/69759380_zpid/
619900,20456700,4,4,2980,69.285,House for sale,"W132N12262 Mary Buth Ln, Germantown, WI 53022",https://www.zillow.com/homedetails/W132N12262-Mary-Buth-Ln-Germantown-WI-53022/40565366_zpid/
229900,7586700,2,1,912,21.204,House for sale,"625 Nautical Dr, Sturgeon Bay, WI 54235",https://www.zillow.com/homedetails/625-Nautical-Dr-Sturgeon-Bay-WI-54235/229133318_zpid/
549900,18146700,3,4,3564,82.863,House for sale,"E7971 Dailey Rd, New London, WI 54961",https://www.zillow.com/homedetails/E7971-Dailey-Rd-New-London-WI-54961/105141099_zpid/
158602,5233866,4,2,2304,53.568,House for sale,"602 N State St, Chilton, WI 53014",https://www.zillow.com/homedetails/602-N-State-St-Chilton-WI-53014/40128966_zpid/
285000,9405000,4,2,1652,38.409,House for sale,"1602 Norman Way, Madison, WI 53705",https://www.zillow.com/homedetails/1602-Norman-Way-Madison-WI-53705/55398830_zpid/
280000,9240000,3,2,1816,42.222,House for sale,"3531 N Blueridge Dr, Appleton, WI 54914",https://www.zillow.com/homedetails/3531-N-Blueridge-Dr-Appleton-WI-54914/69747304_zpid/
314900,10391700,3,2,1782,41.4315,House for sale,"W225N8380 Longview Dr, Town Of Lisbon, WI 53089",https://www.zillow.com/homedetails/W225N8380-Longview-Dr-Town-Of-Lisbon-WI-53089/40644175_zpid/
274900,9071700,3,2,1848,42.966,House for sale,"3894 Tall Pine Ct, Green Bay, WI 54313",https://www.zillow.com/homedetails/3894-Tall-Pine-Ct-Green-Bay-WI-54313/51155068_zpid/
550000,18150000,3,3,1795,41.73375,House for sale,"5814 Taychopera Rd, Madison, WI 53705",https://www.zillow.com/homedetails/5814-Taychopera-Rd-Madison-WI-53705/55398625_zpid/
329900,10886700,4,3,2460,57.195,House for sale,"W6333 Dogwood Ln, Menasha, WI 54952",https://www.zillow.com/homedetails/W6333-Dogwood-Ln-Menasha-WI-54952/110257357_zpid/
305000,10065000,2,1,1008,23.436,Foreclosure,"1427 Grandview Ln, Arbor Vitae, WI 54568",https://www.zillow.com/homedetails/1427-Grandview-Ln-Arbor-Vitae-WI-54568/105130071_zpid/
399900,13196700,4,3,1826,42.4545,House for sale,"2481 S Saint Clair St, Milwaukee, WI 53207",https://www.zillow.com/homedetails/2481-S-Saint-Clair-St-Milwaukee-WI-53207/82222248_zpid/
460000,15180000,5,4,3660,85.095,House for sale,"3918 Ashland Ave, Wausau, WI 54403",https://www.zillow.com/homedetails/3918-Ashland-Ave-Wausau-WI-54403/71012831_zpid/
329900,10886700,3,3,1610,37.4325,House for sale,"814 W Lexington Pkwy, Deforest, WI 53532",https://www.zillow.com/homedetails/814-W-Lexington-Pkwy-Deforest-WI-53532/40191528_zpid/
149900,4946700,3,2,1102,25.6215,Home for sale,"5160 Hideaway Dr, Eagle River, WI 54521",https://www.zillow.com/homedetails/5160-Hideaway-Dr-Eagle-River-WI-54521/226314977_zpid/
484900,16001700,5,3,2843,66.09975,House for sale,"1020 Highway 33, West Bend, WI 53095",https://www.zillow.com/homedetails/1020-Highway-33-West-Bend-WI-53095/40576652_zpid/
364900,12041700,3,2,1736,40.362,House for sale,"2116 Trellis Dr, De Pere, WI 54115",https://www.zillow.com/homedetails/2116-Trellis-Dr-De-Pere-WI-54115/244943247_zpid/
199900,6596700,3,2,1764,41.013,House for sale,"611 16th Pl, Kenosha, WI 53140",https://www.zillow.com/homedetails/611-16th-Pl-Kenosha-WI-53140/40340445_zpid/
297000,9801000,2,1,836,19.437,House for sale,"1424 Middle Rd, La Pointe, WI 54850",https://www.zillow.com/homedetails/1424-Middle-Rd-La-Pointe-WI-54850/232622628_zpid/
180000,5940000,2,1,1265,29.41125,House for sale,"1213 Bartlein Ct, Menasha, WI 54952",https://www.zillow.com/homedetails/1213-Bartlein-Ct-Menasha-WI-54952/40600211_zpid/
279000,9207000,3,2,1780,41.385,House for sale,"31064 Lake Pointe Ct, Waterford, WI 53185",https://www.zillow.com/homedetails/31064-Lake-Pointe-Ct-Waterford-WI-53185/52245601_zpid/
170000,5610000,3,2,1546,35.9445,House for sale,"510 S Main St, Waupaca, WI 54981",https://www.zillow.com/homedetails/510-S-Main-St-Waupaca-WI-54981/105153054_zpid/
179000,5907000,4,2,1659,38.57175,Multi-family home for sale,"1904 Saemann Ave, Sheboygan, WI 53081",https://www.zillow.com/homedetails/1904-Saemann-Ave-Sheboygan-WI-53081/52358826_zpid/
174900,5771700,3,2,2040,47.43,House for sale,"1065 Liberty St, Green Bay, WI 54304",https://www.zillow.com/homedetails/1065-Liberty-St-Green-Bay-WI-54304/60804009_zpid/
209900,6926700,2,1,1210,28.1325,House for sale,"N3175 Willow Rd, Lake Geneva, WI 53147",https://www.zillow.com/homedetails/N3175-Willow-Rd-Lake-Geneva-WI-53147/40747531_zpid/
179900,5936700,3,2,1100,25.575,House for sale,"W10664 Bass Lake Dr, Park Falls, WI 54552",https://www.zillow.com/homedetails/W10664-Bass-Lake-Dr-Park-Falls-WI-54552/105085932_zpid/
299900,9896700,4,2,2710,63.0075,House for sale,"8700 State Highway 73/80, Pittsville, WI 54466",https://www.zillow.com/homedetails/8700-State-Highway-73-80-Pittsville-WI-54466/2065568336_zpid/
414900,13691700,3,2,1768,41.106,House for sale,"335 Halberds Ct, Nekoosa, WI 54457",https://www.zillow.com/homedetails/335-Halberds-Ct-Nekoosa-WI-54457/113631016_zpid/
338500,11170500,3,2,1570,36.5025,House for sale,"3158 S Pine Ave, Milwaukee, WI 53207",https://www.zillow.com/homedetails/3158-S-Pine-Ave-Milwaukee-WI-53207/40505533_zpid/
589000,19437000,3,4,2720,63.24,House for sale,"12071 County Road Np, Ellison Bay, WI 54210",https://www.zillow.com/homedetails/12071-County-Road-Np-Ellison-Bay-WI-54210/113652538_zpid/
240000,7920000,3,2,2536,58.961999999999996,House for sale,"830 N Main St, Fort Atkinson, WI 53538",https://www.zillow.com/homedetails/830-N-Main-St-Fort-Atkinson-WI-53538/40299093_zpid/
150000,4950000,3,2,1700,39.525,House for sale,"321 Highland Ave, Beloit, WI 53511",https://www.zillow.com/homedetails/321-Highland-Ave-Beloit-WI-53511/40546436_zpid/
299000,9867000,2,1,1575,36.61875,House for sale,"2302 13th St, Rice Lake, WI 54868",https://www.zillow.com/homedetails/2302-13th-St-Rice-Lake-WI-54868/225753387_zpid/
239900,7916700,3,2,1630,37.8975,House for sale,"805 W Cramer St, Fort Atkinson, WI 53538",https://www.zillow.com/homedetails/805-W-Cramer-St-Fort-Atkinson-WI-53538/40298776_zpid/
550000,18150000,3,3,2122,49.3365,House for sale,"3086 N Main St, Birchwood, WI 54817",https://www.zillow.com/homedetails/3086-N-Main-St-Birchwood-WI-54817/105106007_zpid/
449900,14846700,3,4,2790,64.86749999999999,House for sale,"820 Lichte Dr, Mazomanie, WI 53560",https://www.zillow.com/homedetails/820-Lichte-Dr-Mazomanie-WI-53560/61124458_zpid/
69900,2306700,1,0,480,11.16,House for sale,"77918 Bear Lake Rd, Butternut, WI 54514",https://www.zillow.com/homedetails/77918-Bear-Lake-Rd-Butternut-WI-54514/232621160_zpid/
339900,11216700,3,3,1561,36.29325,House for sale,"4522 Shawano Ave, Green Bay, WI 54313",https://www.zillow.com/homedetails/4522-Shawano-Ave-Green-Bay-WI-54313/51166390_zpid/
259900,8576700,3,2,1888,43.896,House for sale,"6129 N Jean Nicolet Rd, Glendale, WI 53217",https://www.zillow.com/homedetails/6129-N-Jean-Nicolet-Rd-Glendale-WI-53217/110719279_zpid/
309900,10226700,3,2,1706,39.6645,House for sale,"105 Fox Fire Dr, Oshkosh, WI 54904",https://www.zillow.com/homedetails/105-Fox-Fire-Dr-Oshkosh-WI-54904/216609941_zpid/
150000,4950000,2,1,1140,26.505,House for sale,"3312 E Charley Bluff Rd, Milton, WI 53563",https://www.zillow.com/homedetails/3312-E-Charley-Bluff-Rd-Milton-WI-53563/40533234_zpid/
348900,11513700,3,2,1828,42.501,House for sale,"W291N8246 Parkview Ln, Hartland, WI 53029",https://www.zillow.com/homedetails/W291N8246-Parkview-Ln-Hartland-WI-53029/40657258_zpid/
349900,11546700,3,2,2111,49.08075,House for sale,"S11W30476 Summit Ave, Waukesha, WI 53188",https://www.zillow.com/homedetails/S11W30476-Summit-Ave-Waukesha-WI-53188/40633799_zpid/
169900,5606700,3,1,1647,38.29275,House for sale,"1423 W College Ave, Appleton, WI 54914",https://www.zillow.com/homedetails/1423-W-College-Ave-Appleton-WI-54914/69768382_zpid/
199000,6567000,1,1,580,13.485,House for sale,"5557 Blong Rd, Phelps, WI 54554",https://www.zillow.com/homedetails/5557-Blong-Rd-Phelps-WI-54554/2067786144_zpid/
184900,6101700,3,1,915,21.27375,House for sale,"226 Harding St, Madison, WI 53714",https://www.zillow.com/homedetails/226-Harding-St-Madison-WI-53714/55417986_zpid/
204900,6761700,3,1,1450,33.7125,House for sale,"2651 S 86th St, West Allis, WI 53227",https://www.zillow.com/homedetails/2651-S-86th-St-West-Allis-WI-53227/83888078_zpid/
219900,7256700,4,2,1625,37.78125,House for sale,"7833 W Waterford Ave, Milwaukee, WI 53220",https://www.zillow.com/homedetails/7833-W-Waterford-Ave-Milwaukee-WI-53220/40513496_zpid/
329900,10886700,3,3,2660,61.845,House for sale,"W2444 Snowberry Dr, Appleton, WI 54915",https://www.zillow.com/homedetails/W2444-Snowberry-Dr-Appleton-WI-54915/69738032_zpid/
309000,10197000,4,3,3136,72.912,House for sale,"3821 Evergreen Ave, Wisconsin Rapids, WI 54494",https://www.zillow.com/homedetails/3821-Evergreen-Ave-Wisconsin-Rapids-WI-54494/79457735_zpid/
289900,9566700,3,2,1185,27.55125,House for sale,"1939 Manhattan Dr, Waukesha, WI 53186",https://www.zillow.com/homedetails/1939-Manhattan-Dr-Waukesha-WI-53186/40710453_zpid/
289900,9566700,3,3,2903,67.49475,House for sale,"1119 Bowen St, Oshkosh, WI 54901",https://www.zillow.com/homedetails/1119-Bowen-St-Oshkosh-WI-54901/216616420_zpid/
145000,4785000,1,1,756,17.576999999999998,House for sale,"2 Csm #3884, Amery, WI 54001",https://www.zillow.com/homedetails/2-Csm-3884-Amery-WI-54001/2066576528_zpid/
239900,7916700,3,2,1665,38.71125,House for sale,"148 Hillock Ct, Appleton, WI 54914",https://www.zillow.com/homedetails/148-Hillock-Ct-Appleton-WI-54914/69777461_zpid/
277800,9167400,4,4,3000,69.75,House for sale,"124 Grandview Dr, Port Washington, WI 53074",https://www.zillow.com/homedetails/124-Grandview-Dr-Port-Washington-WI-53074/49449587_zpid/
285000,9405000,2,2,1775,41.26875,House for sale,"1538 Washington Rd, Stoughton, WI 53589",https://www.zillow.com/homedetails/1538-Washington-Rd-Stoughton-WI-53589/40140777_zpid/
229900,7586700,3,2,1484,34.503,House for sale,"3315 Highway H Rd, Cato, WI 54230",https://www.zillow.com/homedetails/3315-Highway-H-Rd-Cato-WI-54230/40372391_zpid/
451900,14912700,5,3,3200,74.4,House for sale,"2122 Prairie Pl, Holmen, WI 54636",https://www.zillow.com/homedetails/2122-Prairie-Pl-Holmen-WI-54636/332883619_zpid/
314000,10362000,3,2,1660,38.595,House for sale,"N64W15436 Sunny Dale Dr, Menomonee Falls, WI 53051",https://www.zillow.com/homedetails/N64W15436-Sunny-Dale-Dr-Menomonee-Falls-WI-53051/40653516_zpid/
162900,5375700,4,3,1530,35.5725,House for sale,"42949 & 42955 S Sleepy Hollow Rd, Gays Mills, WI 54631",https://www.zillow.com/homedetails/42949-42955-S-Sleepy-Hollow-Rd-Gays-Mills-WI-54631/2066630913_zpid/
264900,8741700,3,2,1288,29.946,House for sale,"6260 S 41st St, Greenfield, WI 53221",https://www.zillow.com/homedetails/6260-S-41st-St-Greenfield-WI-53221/83874475_zpid/
200000,6600000,3,3,1924,44.733,House for sale,"7074 N 42nd St, Milwaukee, WI 53209",https://www.zillow.com/homedetails/7074-N-42nd-St-Milwaukee-WI-53209/40393368_zpid/
249900,8246700,4,2,1940,45.105,House for sale,"N50405 County Road O, Osseo, WI 54758",https://www.zillow.com/homedetails/N50405-County-Road-O-Osseo-WI-54758/105116668_zpid/
395000,13035000,6,2,2823,65.63475,House for sale,"4764 State Highway 42, Sturgeon Bay, WI 54235",https://www.zillow.com/homedetails/4764-State-Highway-42-Sturgeon-Bay-WI-54235/2065569647_zpid/
739000,24387000,4,3,2800,65.1,House for sale,"639 N River Rd, Burlington, WI 53105",https://www.zillow.com/homedetails/639-N-River-Rd-Burlington-WI-53105/52228198_zpid/
684900,22601700,5,4,4298,99.9285,House for sale,"3095 Barrington Hills Ct, Fitchburg, WI 53711",https://www.zillow.com/homedetails/3095-Barrington-Hills-Ct-Fitchburg-WI-53711/40148437_zpid/
382500,12622500,4,3,2136,49.662,House for sale,"12845 W Brentwood Dr, New Berlin, WI 53151",https://www.zillow.com/homedetails/12845-W-Brentwood-Dr-New-Berlin-WI-53151/40676393_zpid/
295000,9735000,3,3,1600,37.2,House for sale,"7271 S 35th St, Franklin, WI 53132",https://www.zillow.com/homedetails/7271-S-35th-St-Franklin-WI-53132/83889177_zpid/
209900,6926700,3,2,2053,47.73225,House for sale,"1509 S Ridge Rd, Green Bay, WI 54304",https://www.zillow.com/homedetails/1509-S-Ridge-Rd-Green-Bay-WI-54304/60802643_zpid/
424900,14021700,3,2,2664,61.938,House for sale,"2779 Ledgemont St, Fitchburg, WI 53711",https://www.zillow.com/homedetails/2779-Ledgemont-St-Fitchburg-WI-53711/40150409_zpid/
599900,19796700,4,3,4020,93.465,House for sale,"1310 Terry Andrae Ave, Sheboygan, WI 53081",https://www.zillow.com/homedetails/1310-Terry-Andrae-Ave-Sheboygan-WI-53081/52375945_zpid/
159900,5276700,3,1,1371,31.87575,House for sale,"5121 N 24th St, Milwaukee, WI 53209",https://www.zillow.com/homedetails/5121-N-24th-St-Milwaukee-WI-53209/40407605_zpid/
134900,4451700,1,1,600,13.95,House for sale,"W5306 25th St E, Necedah, WI 54646",https://www.zillow.com/homedetails/W5306-25th-St-E-Necedah-WI-54646/229740671_zpid/
169900,5606700,3,1,1800,41.85,House for sale,"244686 County Rd W, Wausau, WI 54403",https://www.zillow.com/homedetails/244686-County-Rd-W-Wausau-WI-54403/2067901846_zpid/
299900,9896700,3,2,2353,54.70725,House for sale,"10612 W Michigan St, Milwaukee, WI 53226",https://www.zillow.com/homedetails/10612-W-Michigan-St-Milwaukee-WI-53226/110757172_zpid/
300000,9900000,3,2,2236,51.987,House for sale,"5748 W Upham Ave, Greenfield, WI 53220",https://www.zillow.com/homedetails/5748-W-Upham-Ave-Greenfield-WI-53220/83872000_zpid/
395000,13035000,6,2,2823,65.63475,House for sale,"4764 Highway 42, Sturgeon Bay, WI 54235",https://www.zillow.com/homedetails/4764-Highway-42-Sturgeon-Bay-WI-54235/2065537613_zpid/
135000,4455000,3,2,1512,35.153999999999996,Active,"1817 104th St, Pleasant Prairie, WI 53158",https://www.zillow.com/homedetails/1817-104th-St-Pleasant-Prairie-WI-53158/203517706_zpid/
319900,10556700,3,2,1743,40.52475,House for sale,"2608 Cochise Trl, Fitchburg, WI 53711",https://www.zillow.com/homedetails/2608-Cochise-Trl-Fitchburg-WI-53711/40148670_zpid/
224900,7421700,3,2,1985,46.15125,House for sale,"149930 Thunderbird Ln, Wausau, WI 54401",https://www.zillow.com/homedetails/149930-Thunderbird-Ln-Wausau-WI-54401/71301978_zpid/
409900,13526700,4,3,2120,49.29,House for sale,"9510 N Broadmoor Rd, Bayside, WI 53217",https://www.zillow.com/homedetails/9510-N-Broadmoor-Rd-Bayside-WI-53217/110712149_zpid/
299900,9896700,4,3,2311,53.73075,House for sale,"2172 Trailside Ln, De Pere, WI 54115",https://www.zillow.com/homedetails/2172-Trailside-Ln-De-Pere-WI-54115/67986005_zpid/
450000,14850000,4,2,1768,41.106,House for sale,"7797 State Highway 113, Lodi, WI 53555",https://www.zillow.com/homedetails/7797-State-Highway-113-Lodi-WI-53555/40190885_zpid/
140000,4620000,2,2,1462,33.9915,House for sale,"1711 N Mason St, Appleton, WI 54914",https://www.zillow.com/homedetails/1711-N-Mason-St-Appleton-WI-54914/69776574_zpid/
109900,3626700,3,2,1551,36.06075,House for sale,"2513 N 56th St, Milwaukee, WI 53210",https://www.zillow.com/homedetails/2513-N-56th-St-Milwaukee-WI-53210/40459853_zpid/
189900,6266700,3,2,1332,30.969,House for sale,"N10063 Cth H, Phillips, WI 54555",https://www.zillow.com/homedetails/N10063-Cth-H-Phillips-WI-54555/2065525677_zpid/
160000,5280000,2,2,1230,28.5975,House for sale,"W8162 County Road Cc, Tomahawk, WI 54487",https://www.zillow.com/homedetails/W8162-County-Road-Cc-Tomahawk-WI-54487/2066573857_zpid/
64900,2141700,2,1,732,17.019,House for sale,"221 16th St N, Wisconsin Rapids, WI 54494",https://www.zillow.com/homedetails/221-16th-St-N-Wisconsin-Rapids-WI-54494/79472917_zpid/
249900,8246700,4,2,1472,34.224,House for sale,"N742 County Road Nz, Neshkoro, WI 54960",https://www.zillow.com/homedetails/N742-County-Road-Nz-Neshkoro-WI-54960/114615694_zpid/
244900,8081700,3,2,1736,40.362,House for sale,"129 Cherry St, Edgerton, WI 53534",https://www.zillow.com/homedetails/129-Cherry-St-Edgerton-WI-53534/40550590_zpid/
385000,12705000,4,3,4054,94.2555,House for sale,"436 Beaulieu Rd, Neenah, WI 54956",https://www.zillow.com/homedetails/436-Beaulieu-Rd-Neenah-WI-54956/216605349_zpid/
649900,21446700,3,3,2835,65.91375,House for sale,"8088 E Matthias Rd, Gordon, WI 54838",https://www.zillow.com/homedetails/8088-E-Matthias-Rd-Gordon-WI-54838/223575215_zpid/
149900,4946700,4,2,2058,47.8485,House for sale,"14235 Cth W, Mountain, WI 54149",https://www.zillow.com/homedetails/14235-Cth-W-Mountain-WI-54149/2089592887_zpid/
160000,5280000,3,2,1700,39.525,House for sale,"354 Euclid Ave, Beloit, WI 53511",https://www.zillow.com/homedetails/354-Euclid-Ave-Beloit-WI-53511/40546449_zpid/
550000,18150000,2,2,1678,39.0135,House for sale,"6425 Safar Rd, Three Lakes, WI 54562",https://www.zillow.com/homedetails/6425-Safar-Rd-Three-Lakes-WI-54562/226317751_zpid/
219000,7227000,3,2,1279,29.73675,House for sale,"6716 24th Ave, Kenosha, WI 53143",https://www.zillow.com/homedetails/6716-24th-Ave-Kenosha-WI-53143/40306356_zpid/
465000,15345000,4,4,3169,73.67925,House for sale,"2712 Fox Hill Dr, Waukesha, WI 53189",https://www.zillow.com/homedetails/2712-Fox-Hill-Dr-Waukesha-WI-53189/59902473_zpid/
468000,15444000,4,2,2592,60.264,House for sale,"7156 Brassco Ln, Middleton, WI 53562",https://www.zillow.com/homedetails/7156-Brassco-Ln-Middleton-WI-53562/40163950_zpid/
269900,8906700,3,2,1430,33.2475,House for sale,"12561 County Rd W, Crivitz, WI 54114",https://www.zillow.com/homedetails/12561-County-Rd-W-Crivitz-WI-54114/2065525366_zpid/
575000,18975000,2,2,1484,34.503,House for sale,"N7288 County Road C, Plymouth, WI 53073",https://www.zillow.com/homedetails/N7288-County-Road-C-Plymouth-WI-53073/52376968_zpid/
200000,6600000,3,1,1385,32.20125,House for sale,"2508 E Hamilton Ave, Eau Claire, WI 54701",https://www.zillow.com/homedetails/2508-E-Hamilton-Ave-Eau-Claire-WI-54701/220438459_zpid/
324900,10721700,3,2,1540,35.805,House for sale,"2703 Osmundsen Rd, Fitchburg, WI 53711",https://www.zillow.com/homedetails/2703-Osmundsen-Rd-Fitchburg-WI-53711/40150522_zpid/
395000,13035000,3,2,1420,33.015,House for sale,"582 North Ave, Hartland, WI 53029",https://www.zillow.com/homedetails/582-North-Ave-Hartland-WI-53029/40640916_zpid/
299900,9896700,4,3,3250,75.5625,House for sale,"W9716 Meadowview Dr, Dale, WI 54944",https://www.zillow.com/homedetails/W9716-Meadowview-Dr-Dale-WI-54944/69740036_zpid/
150000,4950000,3,2,1248,29.016,House for sale,"517 4th St, Beaver Dam, WI 53916",https://www.zillow.com/homedetails/517-4th-St-Beaver-Dam-WI-53916/40252704_zpid/
299900,9896700,3,1,1224,28.458,House for sale,"310 N 5th St, Madison, WI 53704",https://www.zillow.com/homedetails/310-N-5th-St-Madison-WI-53704/55419043_zpid/
210000,6930000,3,2,1080,25.11,House for sale,"203 Racine St, Waterford, WI 53185",https://www.zillow.com/homedetails/203-Racine-St-Waterford-WI-53185/52247590_zpid/
180000,5940000,3,2,1394,32.4105,House for sale,"217 Grand Blvd, Mayville, WI 53050",https://www.zillow.com/homedetails/217-Grand-Blvd-Mayville-WI-53050/40258169_zpid/
279900,9236700,3,2,1400,32.55,House for sale,"7609 E Wind Lake Rd, Waterford, WI 53185",https://www.zillow.com/homedetails/7609-E-Wind-Lake-Rd-Waterford-WI-53185/52249864_zpid/
460000,15180000,4,3,3108,72.261,House for sale,"1309 Nicolet Blvd, Neenah, WI 54956",https://www.zillow.com/homedetails/1309-Nicolet-Blvd-Neenah-WI-54956/216605529_zpid/
584900,19301700,4,3,2880,66.96,House for sale,"N77W23047 S Coldwater Cir, Sussex, WI 53089",https://www.zillow.com/homedetails/N77W23047-S-Coldwater-Cir-Sussex-WI-53089/72088740_zpid/
690000,22770000,3,3,4183,97.25475,House for sale,"9684 E Golf Course Rd, Poplar, WI 54864",https://www.zillow.com/homedetails/9684-E-Golf-Course-Rd-Poplar-WI-54864/122879689_zpid/
184900,6101700,4,2,1908,44.361,House for sale,"204 S Elm St, Campbellsport, WI 53010",https://www.zillow.com/homedetails/204-S-Elm-St-Campbellsport-WI-53010/40274644_zpid/
795000,26235000,4,3,2464,57.288,House for sale,"50175 Point O Pines Rd, Barnes, WI 54873",https://www.zillow.com/homedetails/50175-Point-O-Pines-Rd-Barnes-WI-54873/229722730_zpid/
129900,4286700,2,1,1212,28.179,House for sale,"25 W Madison Ave, Milton, WI 53563",https://www.zillow.com/homedetails/25-W-Madison-Ave-Milton-WI-53563/40554448_zpid/
314900,10391700,3,1,1993,46.33725,House for sale,"335 Leanore Ln, Brookfield, WI 53005",https://www.zillow.com/homedetails/335-Leanore-Ln-Brookfield-WI-53005/40625238_zpid/
299999,9899967,3,1,1338,31.1085,House for sale,"727 W Laramie Ln, Bayside, WI 53217",https://www.zillow.com/homedetails/727-W-Laramie-Ln-Bayside-WI-53217/110758666_zpid/
199900,6596700,3,2,1392,32.364,House for sale,"11 Howard Ave, Fond Du Lac, WI 54935",https://www.zillow.com/homedetails/11-Howard-Ave-Fond-Du-Lac-WI-54935/62689296_zpid/
465000,15345000,3,3,3274,76.12049999999999,House for sale,"N77W16021 Hunters Ridge Cir, Menomonee Falls, WI 53051",https://www.zillow.com/homedetails/N77W16021-Hunters-Ridge-Cir-Menomonee-Falls-WI-53051/40652562_zpid/
169900,5606700,3,2,1879,43.686749999999996,House for sale,"7146 W Thurston Ave, Milwaukee, WI 53218",https://www.zillow.com/homedetails/7146-W-Thurston-Ave-Milwaukee-WI-53218/40400381_zpid/
295000,9735000,2,2,1422,33.0615,House for sale,"W5328 Oxbow Trl, Princeton, WI 54968",https://www.zillow.com/homedetails/W5328-Oxbow-Trl-Princeton-WI-54968/121488323_zpid/
325000,10725000,4,2,1568,36.456,Multi-family home for sale,"4235 S Pine Ave, Milwaukee, WI 53207",https://www.zillow.com/homedetails/4235-S-Pine-Ave-Milwaukee-WI-53207/40515916_zpid/
449900,14846700,5,2,2607,60.61275,House for sale,"1723 N 60th St, Milwaukee, WI 53208",https://www.zillow.com/homedetails/1723-N-60th-St-Milwaukee-WI-53208/110707669_zpid/
899900,29696700,3,3,3652,84.909,House for sale,"6670 Lower Wyoming Rd, Spring Green, WI 53588",https://www.zillow.com/homedetails/6670-Lower-Wyoming-Rd-Spring-Green-WI-53588/90122293_zpid/
350000,11550000,4,3,2752,63.984,House for sale,"1911 Welsh Dr, Eau Claire, WI 54703",https://www.zillow.com/homedetails/1911-Welsh-Dr-Eau-Claire-WI-54703/68499083_zpid/
314900,10391700,4,2,2262,52.591499999999996,Multi-family home for sale,"1922 N 59th St #1924, Milwaukee, WI 53208",https://www.zillow.com/homedetails/1922-N-59th-St-1924-Milwaukee-WI-53208/2070399726_zpid/
265000,8745000,5,3,1900,44.175,House for sale,"2532 Heather Rd, Green Bay, WI 54311",https://www.zillow.com/homedetails/2532-Heather-Rd-Green-Bay-WI-54311/51135720_zpid/
314900,10391700,3,3,2730,63.4725,House for sale,"4405 Hunters Glen Dr, Sheboygan, WI 53083",https://www.zillow.com/homedetails/4405-Hunters-Glen-Dr-Sheboygan-WI-53083/52374872_zpid/
349900,11546700,3,2,2018,46.9185,House for sale,"400 N Water St, Waterford, WI 53185",https://www.zillow.com/homedetails/400-N-Water-St-Waterford-WI-53185/52247383_zpid/
359000,11847000,3,2,2184,50.778,House for sale,"W4754 Portage St, Wild Rose, WI 54984",https://www.zillow.com/homedetails/W4754-Portage-St-Wild-Rose-WI-54984/228717412_zpid/
364900,12041700,3,2,2601,60.47325,House for sale,"W180N7600 Town Hall Rd, Menomonee Falls, WI 53051",https://www.zillow.com/homedetails/W180N7600-Town-Hall-Rd-Menomonee-Falls-WI-53051/40652746_zpid/
209900,6926700,3,2,1386,32.2245,House for sale,"6420 59th Ave, Kenosha, WI 53142",https://www.zillow.com/homedetails/6420-59th-Ave-Kenosha-WI-53142/40309158_zpid/
220000,7260000,4,2,2185,50.80125,House for sale,"1375 Earl St, Menasha, WI 54952",https://www.zillow.com/homedetails/1375-Earl-St-Menasha-WI-54952/40596423_zpid/
379900,12536700,4,3,2904,67.518,House for sale,"8417 N 111th St, Milwaukee, WI 53224",https://www.zillow.com/homedetails/8417-N-111th-St-Milwaukee-WI-53224/51693884_zpid/
184900,6101700,3,2,2170,50.4525,House for sale,"W7719 Wears Rd, Catawba, WI 54515",https://www.zillow.com/homedetails/W7719-Wears-Rd-Catawba-WI-54515/105084669_zpid/
139900,4616700,4,1,2802,65.1465,House for sale,"8821 Ann St, Eureka, WI 54963",https://www.zillow.com/homedetails/8821-Ann-St-Eureka-WI-54963/40606556_zpid/
425000,14025000,3,2,1984,46.128,House for sale,"4996 Lake Bluff Rd, Port Washington, WI 53074",https://www.zillow.com/homedetails/4996-Lake-Bluff-Rd-Port-Washington-WI-53074/58733012_zpid/
799000,26367000,6,3,3240,75.33,House for sale,"1442 Shields Rd, Saint Germain, WI 54558",https://www.zillow.com/homedetails/1442-Shields-Rd-Saint-Germain-WI-54558/232684559_zpid/
219900,7256700,3,1,1500,34.875,House for sale,"425 S Pine St, Burlington, WI 53105",https://www.zillow.com/homedetails/425-S-Pine-St-Burlington-WI-53105/2070909605_zpid/
349900,11546700,7,3,4000,93.0,House for sale,"W2139 State Highway 11, Elkhorn, WI 53121",https://www.zillow.com/homedetails/W2139-State-Highway-11-Elkhorn-WI-53121/2065563260_zpid/
264900,8741700,3,3,2044,47.522999999999996,House for sale,"12144 Norway Rd, Osseo, WI 54758",https://www.zillow.com/homedetails/12144-Norway-Rd-Osseo-WI-54758/105117499_zpid/
324000,10692000,3,1,1300,30.225,House for sale,"N30321 River Valley Rd, Arcadia, WI 54612",https://www.zillow.com/homedetails/N30321-River-Valley-Rd-Arcadia-WI-54612/233829752_zpid/
259900,8576700,3,2,1548,35.991,House for sale,"N1542 Breckenridge Dr, Genoa City, WI 53128",https://www.zillow.com/homedetails/N1542-Breckenridge-Dr-Genoa-City-WI-53128/59668338_zpid/
275000,9075000,3,2,2034,47.2905,House for sale,"N9181 Johann Dr, Appleton, WI 54915",https://www.zillow.com/homedetails/N9181-Johann-Dr-Appleton-WI-54915/249375127_zpid/
545000,17985000,3,2,1612,37.479,House for sale,"S108W34805 Jacks Bay Rd, Mukwonago, WI 53149",https://www.zillow.com/homedetails/S108W34805-Jacks-Bay-Rd-Mukwonago-WI-53149/40635429_zpid/
134900,4451700,3,2,1000,23.25,House for sale,"1731 19th Ct, Arkdale, WI 54613",https://www.zillow.com/homedetails/1731-19th-Ct-Arkdale-WI-54613/113631359_zpid/
259900,8576700,5,2,2242,52.1265,House for sale,"190 Plummer Ct, Neenah, WI 54956",https://www.zillow.com/homedetails/190-Plummer-Ct-Neenah-WI-54956/40601938_zpid/
189900,6266700,2,1,711,16.53075,House for sale,"1047 9th Ave, Grafton, WI 53024",https://www.zillow.com/homedetails/1047-9th-Ave-Grafton-WI-53024/49431254_zpid/
229000,7557000,2,1,1080,25.11,House for sale,"104 Columbus St, Lodi, WI 53555",https://www.zillow.com/homedetails/104-Columbus-St-Lodi-WI-53555/88054363_zpid/
325000,10725000,3,2,1612,37.479,House for sale,"N171W20670 Valley Dr, Jackson, WI 53037",https://www.zillow.com/homedetails/N171W20670-Valley-Dr-Jackson-WI-53037/40588110_zpid/
205000,6765000,3,2,2244,52.173,House for sale,"402 W Hawthorn St, Strum, WI 54770",https://www.zillow.com/homedetails/402-W-Hawthorn-St-Strum-WI-54770/105113625_zpid/
194900,6431700,2,2,1046,24.3195,House for sale,"7837 Pershing Blvd, Kenosha, WI 53142",https://www.zillow.com/homedetails/7837-Pershing-Blvd-Kenosha-WI-53142/40310974_zpid/
189900,6266700,3,2,1500,34.875,House for sale,"423 S 4th St E, Fort Atkinson, WI 53538",https://www.zillow.com/homedetails/423-S-4th-St-E-Fort-Atkinson-WI-53538/40296447_zpid/
180000,5940000,3,1,1540,35.805,House for sale,"4318 N 80th St, Milwaukee, WI 53222",https://www.zillow.com/homedetails/4318-N-80th-St-Milwaukee-WI-53222/40423366_zpid/
449900,14846700,4,4,3138,72.9585,House for sale,"598 Riverview Dr, Marshall, WI 53559",https://www.zillow.com/homedetails/598-Riverview-Dr-Marshall-WI-53559/40189203_zpid/
175000,5775000,4,2,1720,39.99,Multi-family home for sale,"822 Grignon St, Kaukauna, WI 54130",https://www.zillow.com/homedetails/822-Grignon-St-Kaukauna-WI-54130/69785800_zpid/
449000,14817000,5,3,3009,69.95925,House for sale,"246 Spruce St, Sauk City, WI 53583",https://www.zillow.com/homedetails/246-Spruce-St-Sauk-City-WI-53583/79446397_zpid/
860000,28380000,5,4,3400,79.05,House for sale,"454 Park Ct, Hartland, WI 53029",https://www.zillow.com/homedetails/454-Park-Ct-Hartland-WI-53029/305992210_zpid/
529900,17486700,5,4,2692,62.589,House for sale,"3916 E Obrien Rd, Oak Creek, WI 53154",https://www.zillow.com/homedetails/3916-E-Obrien-Rd-Oak-Creek-WI-53154/300363147_zpid/
498500,16450500,3,2,2079,48.33675,House for sale,"21 Fiskdale Cir, Madison, WI 53717",https://www.zillow.com/homedetails/21-Fiskdale-Cir-Madison-WI-53717/55389568_zpid/
230000,7590000,3,2,1860,43.245,House for sale,"W5217 Old County Road C, Wausaukee, WI 54177",https://www.zillow.com/homedetails/W5217-Old-County-Road-C-Wausaukee-WI-54177/126488086_zpid/
310000,10230000,2,1,745,17.32125,House for sale,"W11857 County Road Gg, Hancock, WI 54943",https://www.zillow.com/homedetails/W11857-County-Road-Gg-Hancock-WI-54943/228710371_zpid/
236000,7788000,4,2,1874,43.5705,House for sale,"1318 S 76th St, West Allis, WI 53214",https://www.zillow.com/homedetails/1318-S-76th-St-West-Allis-WI-53214/83883258_zpid/
